/*
 Navicat Premium Dump SQL

 Source Server         : 8.0ж•°жҚ®еә“
 Source Server Type    : MySQL
 Source Server Version : 80012 (8.0.12)
 Source Host           : localhost:3306
 Source Schema         : hospital_db

 Target Server Type    : MySQL
 Target Server Version : 80012 (8.0.12)
 File Encoding         : 65001

 Date: 29/06/2025 20:36:02
*/

SET NAMES utf8mb4;
SET FOREIGN_KEY_CHECKS = 0;

-- ----------------------------
-- Table structure for appointment
-- ----------------------------
DROP TABLE IF EXISTS `appointment`;
CREATE TABLE `appointment`  (
  `id` bigint(20) NOT NULL AUTO_INCREMENT COMMENT 'йў„зәҰID',
  `patient_id` bigint(20) NOT NULL COMMENT 'жӮЈиҖ…ID',
  `doctor_id` bigint(20) NOT NULL COMMENT 'еҢ»з”ҹID',
  `schedule_id` bigint(20) NOT NULL COMMENT 'жҺ’зҸӯID',
  `appointment_no` varchar(20) CHARACTER SET utf8mb4 COLLATE utf8mb4_0900_ai_ci NOT NULL COMMENT 'йў„зәҰзј–еҸ·',
  `appointment_date` date NOT NULL COMMENT 'йў„зәҰж—Ҙжңҹ',
  `time_slot` varchar(20) CHARACTER SET utf8mb4 COLLATE utf8mb4_0900_ai_ci NOT NULL COMMENT 'ж—¶й—ҙж®ө(дёҠеҚҲ/дёӢеҚҲ/жҷҡдёҠ)',
  `symptoms` text CHARACTER SET utf8mb4 COLLATE utf8mb4_0900_ai_ci NULL COMMENT 'з—ҮзҠ¶жҸҸиҝ°',
  `status` tinyint(4) NULL DEFAULT 1 COMMENT 'зҠ¶жҖҒ(0:еҸ–ж¶Ҳ,1:еҫ…е°ұиҜҠ,2:е·Іе°ұиҜҠ)',
  `create_time` datetime NULL DEFAULT CURRENT_TIMESTAMP COMMENT 'еҲӣе»әж—¶й—ҙ',
  `update_time` datetime NULL DEFAULT CURRENT_TIMESTAMP ON UPDATE CURRENT_TIMESTAMP COMMENT 'жӣҙж–°ж—¶й—ҙ',
  PRIMARY KEY (`id`) USING BTREE,
  UNIQUE INDEX `uk_appointment_no`(`appointment_no` ASC) USING BTREE,
  INDEX `idx_patient_id`(`patient_id` ASC) USING BTREE,
  INDEX `idx_doctor_id`(`doctor_id` ASC) USING BTREE,
  INDEX `idx_schedule_id`(`schedule_id` ASC) USING BTREE
) ENGINE = InnoDB AUTO_INCREMENT = 7 CHARACTER SET = utf8mb4 COLLATE = utf8mb4_0900_ai_ci COMMENT = 'йў„зәҰиЎЁ' ROW_FORMAT = DYNAMIC;

-- ----------------------------
-- Records of appointment
-- ----------------------------
INSERT INTO `appointment` VALUES (1, 1, 1, 1, 'A001', '2025-06-08', 'дёҠеҚҲ', 'еӨҙз—ӣгҖҒеҸ‘зғӯдёүеӨ©', 2, '2025-05-14 11:00:00', '2025-06-07 15:06:45');
INSERT INTO `appointment` VALUES (2, 2, 2, 3, 'A002', '2025-06-08', 'дёҠеҚҲ', 'и…№йғЁз–јз—ӣдёӨеӨ©', 1, '2025-05-14 11:01:00', '2025-05-14 11:01:00');
INSERT INTO `appointment` VALUES (5, 3, 9, 19, 'A20250607130564', '2025-06-09', 'дёҠеҚҲ', 'е’іе—Ҫ', 2, '2025-06-07 16:03:06', '2025-06-07 19:42:56');
INSERT INTO `appointment` VALUES (6, 2, 12, 25, 'A20250607052564', '2025-06-10', 'дёҠеҚҲ', '1111', 1, '2025-06-07 19:42:03', '2025-06-07 19:42:03');

-- ----------------------------
-- Table structure for department
-- ----------------------------
DROP TABLE IF EXISTS `department`;
CREATE TABLE `department`  (
  `id` bigint(20) NOT NULL AUTO_INCREMENT COMMENT 'йғЁй—ЁID',
  `dept_name` varchar(50) CHARACTER SET utf8mb4 COLLATE utf8mb4_0900_ai_ci NOT NULL COMMENT 'йғЁй—ЁеҗҚз§°',
  `dept_code` varchar(20) CHARACTER SET utf8mb4 COLLATE utf8mb4_0900_ai_ci NOT NULL COMMENT 'йғЁй—Ёзј–з Ғ',
  `description` varchar(200) CHARACTER SET utf8mb4 COLLATE utf8mb4_0900_ai_ci NULL DEFAULT NULL COMMENT 'йғЁй—ЁжҸҸиҝ°',
  `director_id` bigint(20) NULL DEFAULT NULL COMMENT 'иҙҹиҙЈдәәID',
  `status` tinyint(4) NULL DEFAULT 1 COMMENT 'зҠ¶жҖҒ(0:зҰҒз”Ё,1:еҗҜз”Ё)',
  `create_time` datetime NULL DEFAULT CURRENT_TIMESTAMP COMMENT 'еҲӣе»әж—¶й—ҙ',
  `update_time` datetime NULL DEFAULT CURRENT_TIMESTAMP ON UPDATE CURRENT_TIMESTAMP COMMENT 'жӣҙж–°ж—¶й—ҙ',
  PRIMARY KEY (`id`) USING BTREE,
  UNIQUE INDEX `uk_dept_code`(`dept_code` ASC) USING BTREE
) ENGINE = InnoDB AUTO_INCREMENT = 26 CHARACTER SET = utf8mb4 COLLATE = utf8mb4_0900_ai_ci COMMENT = 'йғЁй—ЁиЎЁ' ROW_FORMAT = DYNAMIC;

-- ----------------------------
-- Records of department
-- ----------------------------
INSERT INTO `department` VALUES (1, 'еҶ…з§‘', 'NK', 'иҙҹиҙЈеҶ…з§‘з–ҫз—…зҡ„иҜҠж–ӯе’ҢжІ»з–—', 2, 1, '2025-05-14 10:10:00', '2025-05-14 10:10:00');
INSERT INTO `department` VALUES (2, 'еӨ–з§‘', 'WK', 'иҙҹиҙЈеӨ–з§‘з–ҫз—…зҡ„иҜҠж–ӯе’ҢжІ»з–—', 3, 1, '2025-05-14 10:11:00', '2025-05-14 10:11:00');
INSERT INTO `department` VALUES (3, 'е„ҝз§‘', 'EK', 'иҙҹиҙЈе„ҝз«Ҙз–ҫз—…зҡ„иҜҠж–ӯе’ҢжІ»з–—', NULL, 1, '2025-05-14 10:12:00', '2025-05-14 10:12:00');
INSERT INTO `department` VALUES (4, 'еҰҮдә§з§‘', 'FCK', 'иҙҹиҙЈеҰҮз§‘е’Ңдә§з§‘з–ҫз—…зҡ„иҜҠж–ӯе’ҢжІ»з–—', NULL, 1, '2025-05-14 10:13:00', '2025-05-14 10:13:00');
INSERT INTO `department` VALUES (5, 'жҖҘиҜҠз§‘', 'JZK', 'иҙҹиҙЈжҖҘиҜҠз—…дәәзҡ„иҜҠж–ӯе’ҢжІ»з–—', NULL, 1, '2025-05-14 10:14:00', '2025-05-14 10:14:00');
INSERT INTO `department` VALUES (6, 'еҝғиЎҖз®ЎеҶ…з§‘', 'XGNK', 'иҙҹиҙЈеҝғи„ҸеҸҠиЎҖз®Ўз–ҫз—…зҡ„иҜҠж–ӯе’ҢжІ»з–—', NULL, 1, '2025-05-14 10:15:00', '2025-05-14 10:15:00');
INSERT INTO `department` VALUES (7, 'зҘһз»ҸеҶ…з§‘', 'SJNK', 'иҙҹиҙЈи„‘йғЁеҸҠзҘһз»Ҹзі»з»ҹз–ҫз—…зҡ„иҜҠж–ӯе’ҢжІ»з–—', NULL, 1, '2025-05-14 10:16:00', '2025-05-14 10:16:00');
INSERT INTO `department` VALUES (8, 'ж¶ҲеҢ–еҶ…з§‘', 'XHNK', 'иҙҹиҙЈж¶ҲеҢ–зі»з»ҹз–ҫз—…зҡ„иҜҠж–ӯе’ҢжІ»з–—', NULL, 1, '2025-05-14 10:17:00', '2025-05-14 10:17:00');
INSERT INTO `department` VALUES (9, 'е‘јеҗёеҶ…з§‘', 'HXNK', 'иҙҹиҙЈе‘јеҗёзі»з»ҹз–ҫз—…зҡ„иҜҠж–ӯе’ҢжІ»з–—', NULL, 1, '2025-05-14 10:18:00', '2025-05-14 10:18:00');
INSERT INTO `department` VALUES (10, 'иӮҫеҶ…з§‘', 'SNK', 'иҙҹиҙЈиӮҫи„Ҹз–ҫз—…зҡ„иҜҠж–ӯе’ҢжІ»з–—', NULL, 1, '2025-05-14 10:19:00', '2025-05-14 10:19:00');
INSERT INTO `department` VALUES (11, 'йӘЁз§‘', 'GK', 'иҙҹиҙЈйӘЁйӘјгҖҒе…іиҠӮгҖҒиӮҢиӮүзӯүз–ҫз—…зҡ„иҜҠж–ӯе’ҢжІ»з–—', NULL, 1, '2025-05-14 10:20:00', '2025-05-14 10:20:00');
INSERT INTO `department` VALUES (12, 'жіҢе°ҝеӨ–з§‘', 'MNWK', 'иҙҹиҙЈжіҢе°ҝзі»з»ҹз–ҫз—…зҡ„еӨ–з§‘жІ»з–—', NULL, 1, '2025-05-14 10:21:00', '2025-05-14 10:21:00');
INSERT INTO `department` VALUES (13, 'зҘһз»ҸеӨ–з§‘', 'SJWK', 'иҙҹиҙЈи„‘йғЁеҸҠзҘһз»Ҹзі»з»ҹз–ҫз—…зҡ„еӨ–з§‘жІ»з–—', NULL, 1, '2025-05-14 10:22:00', '2025-05-14 10:22:00');
INSERT INTO `department` VALUES (14, 'иғёеӨ–з§‘', 'XWK', 'иҙҹиҙЈиғёйғЁз–ҫз—…зҡ„еӨ–з§‘жІ»з–—', NULL, 1, '2025-05-14 10:23:00', '2025-05-14 10:23:00');
INSERT INTO `department` VALUES (15, 'еҝғи„ҸеӨ–з§‘', 'XZWK', 'иҙҹиҙЈеҝғи„Ҹз–ҫз—…зҡ„еӨ–з§‘жІ»з–—', NULL, 1, '2025-05-14 10:24:00', '2025-05-14 10:24:00');
INSERT INTO `department` VALUES (16, 'зңјз§‘', 'YK', 'иҙҹиҙЈзңјйғЁз–ҫз—…зҡ„иҜҠж–ӯе’ҢжІ»з–—', NULL, 1, '2025-05-14 10:25:00', '2025-05-14 10:25:00');
INSERT INTO `department` VALUES (17, 'иҖійј»е–үз§‘', 'EBHK', 'иҙҹиҙЈиҖігҖҒйј»гҖҒе–үз–ҫз—…зҡ„иҜҠж–ӯе’ҢжІ»з–—', 51, 1, '2025-05-14 10:26:00', '2025-06-07 15:09:22');
INSERT INTO `department` VALUES (18, 'зҡ®иӮӨз§‘', 'PFK', 'иҙҹиҙЈзҡ®иӮӨз–ҫз—…зҡ„иҜҠж–ӯе’ҢжІ»з–—', NULL, 1, '2025-05-14 10:27:00', '2025-05-14 10:27:00');
INSERT INTO `department` VALUES (19, 'еҸЈи…”з§‘', 'KQK', 'иҙҹиҙЈеҸЈи…”з–ҫз—…зҡ„иҜҠж–ӯе’ҢжІ»з–—', NULL, 1, '2025-05-14 10:28:00', '2025-05-14 10:28:00');
INSERT INTO `department` VALUES (20, 'зІҫзҘһз§‘', 'JSK', 'иҙҹиҙЈзІҫзҘһз–ҫз—…зҡ„иҜҠж–ӯе’ҢжІ»з–—', NULL, 1, '2025-05-14 10:29:00', '2025-05-14 10:29:00');
INSERT INTO `department` VALUES (21, 'иӮҝзҳӨз§‘', 'ZLK', 'иҙҹиҙЈиӮҝзҳӨз–ҫз—…зҡ„иҜҠж–ӯе’ҢжІ»з–—', NULL, 1, '2025-05-14 10:30:00', '2025-05-14 10:30:00');
INSERT INTO `department` VALUES (22, 'ж„ҹжҹ“з§‘', 'GRK', 'иҙҹиҙЈдј жҹ“з—…зҡ„иҜҠж–ӯе’ҢжІ»з–—', NULL, 1, '2025-05-14 10:31:00', '2025-05-14 10:31:00');
INSERT INTO `department` VALUES (23, 'еә·еӨҚз§‘', 'KFK', 'иҙҹиҙЈжӮЈиҖ…еә·еӨҚи®ӯз»ғе’ҢжІ»з–—', NULL, 1, '2025-05-14 10:32:00', '2025-05-14 10:32:00');
INSERT INTO `department` VALUES (24, 'дёӯеҢ»з§‘', 'ZYK', 'иҝҗз”ЁдёӯеҢ»зҗҶи®әе’Ңж–№жі•иҜҠж–ӯжІ»з–—з–ҫз—…', NULL, 1, '2025-05-14 10:33:00', '2025-05-14 10:33:00');
INSERT INTO `department` VALUES (25, 'й’ҲзҒёжҺЁжӢҝз§‘', 'ZJTK', 'иҝҗз”Ёй’ҲзҒёжҺЁжӢҝж–№жі•жІ»з–—з–ҫз—…', NULL, 1, '2025-05-14 10:34:00', '2025-05-14 10:34:00');

-- ----------------------------
-- Table structure for doctor
-- ----------------------------
DROP TABLE IF EXISTS `doctor`;
CREATE TABLE `doctor`  (
  `id` bigint(20) NOT NULL AUTO_INCREMENT COMMENT 'еҢ»з”ҹID',
  `user_id` bigint(20) NOT NULL COMMENT 'з”ЁжҲ·ID',
  `doctor_no` varchar(20) CHARACTER SET utf8mb4 COLLATE utf8mb4_0900_ai_ci NOT NULL COMMENT 'еҢ»з”ҹзј–еҸ·',
  `name` varchar(50) CHARACTER SET utf8mb4 COLLATE utf8mb4_0900_ai_ci NOT NULL COMMENT 'е§“еҗҚ',
  `department_id` bigint(20) NOT NULL COMMENT 'з§‘е®ӨID',
  `title` varchar(50) CHARACTER SET utf8mb4 COLLATE utf8mb4_0900_ai_ci NULL DEFAULT NULL COMMENT 'иҒҢз§°',
  `expertise` text CHARACTER SET utf8mb4 COLLATE utf8mb4_0900_ai_ci NULL COMMENT 'дё“й•ҝ',
  `introduction` text CHARACTER SET utf8mb4 COLLATE utf8mb4_0900_ai_ci NULL COMMENT 'з®Җд»Ӣ',
  `status` tinyint(4) NULL DEFAULT 1 COMMENT 'зҠ¶жҖҒ(0:зҰ»иҒҢ,1:еңЁиҒҢ)',
  `create_time` datetime NULL DEFAULT CURRENT_TIMESTAMP COMMENT 'еҲӣе»әж—¶й—ҙ',
  `update_time` datetime NULL DEFAULT CURRENT_TIMESTAMP ON UPDATE CURRENT_TIMESTAMP COMMENT 'жӣҙж–°ж—¶й—ҙ',
  PRIMARY KEY (`id`) USING BTREE,
  UNIQUE INDEX `uk_doctor_no`(`doctor_no` ASC) USING BTREE,
  INDEX `idx_user_id`(`user_id` ASC) USING BTREE,
  INDEX `idx_department_id`(`department_id` ASC) USING BTREE
) ENGINE = InnoDB AUTO_INCREMENT = 53 CHARACTER SET = utf8mb4 COLLATE = utf8mb4_0900_ai_ci COMMENT = 'еҢ»з”ҹиЎЁ' ROW_FORMAT = DYNAMIC;

-- ----------------------------
-- Records of doctor
-- ----------------------------
INSERT INTO `doctor` VALUES (1, 2, 'D001', 'еј еҢ»з”ҹ', 1, 'дё»д»»еҢ»еёҲ', 'еҝғиЎҖз®Ўз–ҫз—…', 'жҜ•дёҡдәҺеҢ—дә¬еҢ»з§‘еӨ§еӯҰпјҢд»ҺдәӢеҝғеҶ…з§‘дёҙеәҠе·ҘдҪң20е№ҙпјҢж“…й•ҝеҶ еҝғз—…гҖҒй«ҳиЎҖеҺӢзӯүз–ҫз—…зҡ„иҜҠжІ»гҖӮ', 1, '2025-05-14 10:20:00', '2025-05-14 10:20:00');
INSERT INTO `doctor` VALUES (2, 3, 'D002', 'жқҺеҢ»з”ҹ', 2, 'еүҜдё»д»»еҢ»еёҲ', 'жҷ®еӨ–з§‘жүӢжңҜ', 'жҜ•дёҡдәҺдёҠжө·еҢ»з§‘еӨ§еӯҰпјҢд»ҺдәӢеӨ–з§‘дёҙеәҠе·ҘдҪң15е№ҙпјҢж“…й•ҝиғҶеӣҠгҖҒйҳ‘е°ҫзӯүеёёи§ҒжүӢжңҜгҖӮ', 1, '2025-05-14 10:21:00', '2025-05-14 10:21:00');
INSERT INTO `doctor` VALUES (3, 7, 'D003', 'еҲҳеҢ»з”ҹ', 3, 'дё»жІ»еҢ»еёҲ', 'е„ҝз§‘еёёи§Ғз–ҫз—…', 'жҜ•дёҡдәҺдёӯеӣҪеҢ»з§‘еӨ§еӯҰпјҢд»ҺдәӢе„ҝз§‘дёҙеәҠе·ҘдҪң10е№ҙпјҢж“…й•ҝе„ҝз«Ҙеёёи§Ғз–ҫз—…зҡ„иҜҠжІ»гҖӮ', 1, '2025-05-14 10:22:00', '2025-05-14 10:22:00');
INSERT INTO `doctor` VALUES (4, 8, 'D004', 'еӯҷеҢ»з”ҹ', 4, 'дё»д»»еҢ»еёҲ', 'еҰҮдә§з§‘з–ҫз—…', 'жҜ•дёҡдәҺеӨҚж—ҰеӨ§еӯҰеҢ»еӯҰйҷўпјҢд»ҺдәӢеҰҮдә§з§‘дёҙеәҠе·ҘдҪң18е№ҙпјҢж“…й•ҝеҰҮз§‘иӮҝзҳӨе’Ңй«ҳеҚұеҰҠеЁ гҖӮ', 1, '2025-05-14 10:23:00', '2025-05-14 10:23:00');
INSERT INTO `doctor` VALUES (5, 9, 'D005', 'е‘ЁеҢ»з”ҹ', 5, 'еүҜдё»д»»еҢ»еёҲ', 'жҖҘиҜҠеҢ»еӯҰ', 'жҜ•дёҡдәҺеҢ—дә¬еҚҸе’ҢеҢ»еӯҰйҷўпјҢд»ҺдәӢжҖҘиҜҠз§‘е·ҘдҪң12е№ҙпјҢж“…й•ҝеҗ„зұ»жҖҘеҚұйҮҚз—Үзҡ„ж•‘жІ»гҖӮ', 1, '2025-05-14 10:24:00', '2025-05-14 10:24:00');
INSERT INTO `doctor` VALUES (6, 10, 'D006', 'еҗҙеҢ»з”ҹ', 6, 'дё»д»»еҢ»еёҲ', 'еҶ еҝғз—…', 'жҜ•дёҡдәҺеҚҺдёӯз§‘жҠҖеӨ§еӯҰеҗҢжөҺеҢ»еӯҰйҷўпјҢд»ҺдәӢеҝғиЎҖз®ЎеҶ…з§‘дёҙеәҠе·ҘдҪң22е№ҙпјҢж“…й•ҝеҶ еҝғз—…зҡ„иҜҠжІ»гҖӮ', 1, '2025-05-14 10:25:00', '2025-05-14 10:25:00');
INSERT INTO `doctor` VALUES (7, 11, 'D007', 'йғ‘еҢ»з”ҹ', 7, 'еүҜдё»д»»еҢ»еёҲ', 'её•йҮ‘жЈ®з—…', 'жҜ•дёҡдәҺйҰ–йғҪеҢ»з§‘еӨ§еӯҰпјҢд»ҺдәӢзҘһз»ҸеҶ…з§‘дёҙеәҠе·ҘдҪң16е№ҙпјҢж“…й•ҝеё•йҮ‘жЈ®з—…е’Ңи„‘еҚ’дёӯзҡ„иҜҠжІ»гҖӮ', 1, '2025-05-14 10:26:00', '2025-05-14 10:26:00');
INSERT INTO `doctor` VALUES (8, 12, 'D008', 'зҺӢеҢ»з”ҹ', 8, 'дё»жІ»еҢ»еёҲ', 'иғғиӮ з–ҫз—…', 'жҜ•дёҡдәҺдёӯеұұеӨ§еӯҰеҢ»еӯҰйҷўпјҢд»ҺдәӢж¶ҲеҢ–еҶ…з§‘дёҙеәҠе·ҘдҪң8е№ҙпјҢж“…й•ҝиғғиӮ з–ҫз—…зҡ„иҜҠжІ»гҖӮ', 1, '2025-05-14 10:27:00', '2025-05-14 10:27:00');
INSERT INTO `doctor` VALUES (9, 13, 'D009', 'еҶҜеҢ»з”ҹ', 9, 'дё»д»»еҢ»еёҲ', 'ж…ўжҖ§иӮәз—…', 'жҜ•дёҡдәҺжөҷжұҹеӨ§еӯҰеҢ»еӯҰйҷўпјҢд»ҺдәӢе‘јеҗёеҶ…з§‘дёҙеәҠе·ҘдҪң20е№ҙпјҢж“…й•ҝж…ўжҖ§йҳ»еЎһжҖ§иӮәз—…е’ҢиӮәзҷҢзҡ„иҜҠжІ»гҖӮ', 1, '2025-05-14 10:28:00', '2025-05-14 10:28:00');
INSERT INTO `doctor` VALUES (10, 14, 'D010', 'йҷҲеҢ»з”ҹ', 10, 'еүҜдё»д»»еҢ»еёҲ', 'иӮҫи„Ҹз—…', 'жҜ•дёҡдәҺеӣӣе·қеӨ§еӯҰеҚҺиҘҝеҢ»еӯҰйҷўпјҢд»ҺдәӢиӮҫеҶ…з§‘дёҙеәҠе·ҘдҪң14е№ҙпјҢж“…й•ҝиӮҫз—…з»јеҗҲеҫҒе’ҢиӮҫиЎ°з«ӯзҡ„иҜҠжІ»гҖӮ', 1, '2025-05-14 10:29:00', '2025-05-14 10:29:00');
INSERT INTO `doctor` VALUES (11, 15, 'D011', 'иӨҡеҢ»з”ҹ', 11, 'дё»д»»еҢ»еёҲ', 'е…іиҠӮеӨ–з§‘', 'жҜ•дёҡдәҺеҢ—дә¬еӨ§еӯҰеҢ»еӯҰйғЁпјҢд»ҺдәӢйӘЁз§‘дёҙеәҠе·ҘдҪң25е№ҙпјҢж“…й•ҝдәәе·Ҙе…іиҠӮзҪ®жҚўе’Ңе…іиҠӮй•ңжүӢжңҜгҖӮ', 1, '2025-05-14 10:30:00', '2025-05-14 10:30:00');
INSERT INTO `doctor` VALUES (12, 16, 'D012', 'йӯҸеҢ»з”ҹ', 12, 'еүҜдё»д»»еҢ»еёҲ', 'жіҢе°ҝзі»з»“зҹі', 'жҜ•дёҡдәҺдёӯеҚ—еӨ§еӯҰж№ҳйӣ…еҢ»еӯҰйҷўпјҢд»ҺдәӢжіҢе°ҝеӨ–з§‘дёҙеәҠе·ҘдҪң13е№ҙпјҢж“…й•ҝжіҢе°ҝзі»з»“зҹіе’ҢеүҚеҲ—и…әз–ҫз—…зҡ„иҜҠжІ»гҖӮ', 1, '2025-05-14 10:31:00', '2025-05-14 10:31:00');
INSERT INTO `doctor` VALUES (13, 17, 'D013', 'и’ӢеҢ»з”ҹ', 13, 'дё»д»»еҢ»еёҲ', 'и„‘иӮҝзҳӨ', 'жҜ•дёҡдәҺдёҠжө·дәӨйҖҡеӨ§еӯҰеҢ»еӯҰйҷўпјҢд»ҺдәӢзҘһз»ҸеӨ–з§‘дёҙеәҠе·ҘдҪң23е№ҙпјҢж“…й•ҝи„‘иӮҝзҳӨе’Ңи„‘иЎҖз®Ўз–ҫз—…зҡ„жүӢжңҜжІ»з–—гҖӮ', 1, '2025-05-14 10:32:00', '2025-05-14 10:32:00');
INSERT INTO `doctor` VALUES (14, 18, 'D014', 'жІҲеҢ»з”ҹ', 14, 'еүҜдё»д»»еҢ»еёҲ', 'иӮәйғЁз–ҫз—…', 'жҜ•дёҡдәҺеӨ©жҙҘеҢ»з§‘еӨ§еӯҰпјҢд»ҺдәӢиғёеӨ–з§‘дёҙеәҠе·ҘдҪң15е№ҙпјҢж“…й•ҝиӮәзҷҢе’ҢйЈҹз®ЎзҷҢзҡ„жүӢжңҜжІ»з–—гҖӮ', 1, '2025-05-14 10:33:00', '2025-05-14 10:33:00');
INSERT INTO `doctor` VALUES (15, 19, 'D015', 'йҹ©еҢ»з”ҹ', 15, 'дё»д»»еҢ»еёҲ', 'еҝғи„ҸжүӢжңҜ', 'жҜ•дёҡдәҺе“Ҳе°”ж»ЁеҢ»з§‘еӨ§еӯҰпјҢд»ҺдәӢеҝғи„ҸеӨ–з§‘дёҙеәҠе·ҘдҪң21е№ҙпјҢж“…й•ҝеҶ зҠ¶еҠЁи„үжҗӯжЎҘе’Ңеҝғи„Ҹз“ЈиҶңзҪ®жҚўжүӢжңҜгҖӮ', 1, '2025-05-14 10:34:00', '2025-05-14 10:34:00');
INSERT INTO `doctor` VALUES (16, 20, 'D016', 'жқЁеҢ»з”ҹ', 16, 'еүҜдё»д»»еҢ»еёҲ', 'зҷҪеҶ…йҡң', 'жҜ•дёҡдәҺйҮҚеәҶеҢ»з§‘еӨ§еӯҰпјҢд»ҺдәӢзңјз§‘дёҙеәҠе·ҘдҪң12е№ҙпјҢж“…й•ҝзҷҪеҶ…йҡңе’Ңйқ’е…үзңјзҡ„иҜҠжІ»гҖӮ', 1, '2025-05-14 10:35:00', '2025-05-14 10:35:00');
INSERT INTO `doctor` VALUES (17, 21, 'D017', 'жңұеҢ»з”ҹ', 17, 'дё»д»»еҢ»еёҲ', 'йј»зӘҰзӮҺ', 'жҜ•дёҡдәҺеҚ—дә¬еҢ»з§‘еӨ§еӯҰпјҢд»ҺдәӢиҖійј»е–үз§‘дёҙеәҠе·ҘдҪң19е№ҙпјҢж“…й•ҝйј»зӘҰзӮҺе’ҢиҖіиҒӢзҡ„иҜҠжІ»гҖӮ', 1, '2025-05-14 10:36:00', '2025-05-14 10:36:00');
INSERT INTO `doctor` VALUES (18, 22, 'D018', 'з§ҰеҢ»з”ҹ', 18, 'еүҜдё»д»»еҢ»еёҲ', 'й“¶еұ‘з—…', 'жҜ•дёҡдәҺе®үеҫҪеҢ»з§‘еӨ§еӯҰпјҢд»ҺдәӢзҡ®иӮӨз§‘дёҙеәҠе·ҘдҪң14е№ҙпјҢж“…й•ҝй“¶еұ‘з—…е’Ңж№ҝз–№зҡ„иҜҠжІ»гҖӮ', 1, '2025-05-14 10:37:00', '2025-05-14 10:37:00');
INSERT INTO `doctor` VALUES (19, 23, 'D019', 'е°ӨеҢ»з”ҹ', 19, 'дё»д»»еҢ»еёҲ', 'еҸЈи…”жӯЈз•ё', 'жҜ•дёҡдәҺжӯҰжұүеӨ§еӯҰеҸЈи…”еҢ»еӯҰйҷўпјҢд»ҺдәӢеҸЈи…”з§‘дёҙеәҠе·ҘдҪң20е№ҙпјҢж“…й•ҝеҸЈи…”жӯЈз•ёе’Ңз§ҚжӨҚзүҷгҖӮ', 1, '2025-05-14 10:38:00', '2025-05-14 10:38:00');
INSERT INTO `doctor` VALUES (20, 24, 'D020', 'и®ёеҢ»з”ҹ', 20, 'еүҜдё»д»»еҢ»еёҲ', 'жҠ‘йғҒз—Ү', 'жҜ•дёҡдәҺеұұдёңеӨ§еӯҰеҢ»еӯҰйҷўпјҢд»ҺдәӢзІҫзҘһз§‘дёҙеәҠе·ҘдҪң15е№ҙпјҢж“…й•ҝжҠ‘йғҒз—Үе’Ңз„Ұиҷ‘з—Үзҡ„иҜҠжІ»гҖӮ', 1, '2025-05-14 10:39:00', '2025-05-14 10:39:00');
INSERT INTO `doctor` VALUES (21, 25, 'D021', 'дҪ•еҢ»з”ҹ', 21, 'дё»д»»еҢ»еёҲ', 'иӮҝзҳӨж”ҫз–—', 'жҜ•дёҡдәҺеҗүжһ—еӨ§еӯҰеҢ»еӯҰйғЁпјҢд»ҺдәӢиӮҝзҳӨз§‘дёҙеәҠе·ҘдҪң22е№ҙпјҢж“…й•ҝиӮҝзҳӨзҡ„ж”ҫе°„жІ»з–—гҖӮ', 1, '2025-05-14 10:40:00', '2025-05-14 10:40:00');
INSERT INTO `doctor` VALUES (22, 26, 'D022', 'еҗ•еҢ»з”ҹ', 22, 'еүҜдё»д»»еҢ»еёҲ', 'дј жҹ“з—…', 'жҜ•дёҡдәҺеӨ§иҝһеҢ»з§‘еӨ§еӯҰпјҢд»ҺдәӢж„ҹжҹ“з§‘дёҙеәҠе·ҘдҪң13е№ҙпјҢж“…й•ҝз—…жҜ’жҖ§иӮқзӮҺе’Ңз»“ж ёз—…зҡ„иҜҠжІ»гҖӮ', 1, '2025-05-14 10:41:00', '2025-05-14 10:41:00');
INSERT INTO `doctor` VALUES (23, 27, 'D023', 'ж–ҪеҢ»з”ҹ', 23, 'дё»жІ»еҢ»еёҲ', 'иҝҗеҠЁеә·еӨҚ', 'жҜ•дёҡдәҺзҰҸе»әеҢ»з§‘еӨ§еӯҰпјҢд»ҺдәӢеә·еӨҚз§‘дёҙеәҠе·ҘдҪң9е№ҙпјҢж“…й•ҝиҝҗеҠЁеә·еӨҚе’ҢдёӯйЈҺеҗҺеә·еӨҚгҖӮ', 1, '2025-05-14 10:42:00', '2025-05-14 10:42:00');
INSERT INTO `doctor` VALUES (24, 28, 'D024', 'еј еҢ»з”ҹ', 24, 'дё»д»»еҢ»еёҲ', 'дёӯеҢ»еҶ…з§‘', 'жҜ•дёҡдәҺеҢ—дә¬дёӯеҢ»иҚҜеӨ§еӯҰпјҢд»ҺдәӢдёӯеҢ»з§‘дёҙеәҠе·ҘдҪң24е№ҙпјҢж“…й•ҝдёӯеҢ»еҶ…з§‘з–ҫз—…зҡ„иҜҠжІ»гҖӮ', 1, '2025-05-14 10:43:00', '2025-05-14 10:43:00');
INSERT INTO `doctor` VALUES (25, 29, 'D025', 'еӯ”еҢ»з”ҹ', 25, 'еүҜдё»д»»еҢ»еёҲ', 'й’ҲзҒёжҺЁжӢҝ', 'жҜ•дёҡдәҺдёҠжө·дёӯеҢ»иҚҜеӨ§еӯҰпјҢд»ҺдәӢй’ҲзҒёжҺЁжӢҝз§‘дёҙеәҠе·ҘдҪң16е№ҙпјҢж“…й•ҝй’ҲзҒёжІ»з–—йўҲжӨҺз—…е’Ңи…°жӨҺй—ҙзӣҳзӘҒеҮәгҖӮ', 1, '2025-05-14 10:44:00', '2025-05-14 10:44:00');
INSERT INTO `doctor` VALUES (26, 30, 'D026', 'жӣ№еҢ»з”ҹ', 1, 'дё»жІ»еҢ»еёҲ', 'й«ҳиЎҖеҺӢ', 'жҜ•дёҡдәҺеҚ—ж–№еҢ»з§‘еӨ§еӯҰпјҢд»ҺдәӢеҶ…з§‘дёҙеәҠе·ҘдҪң8е№ҙпјҢж“…й•ҝй«ҳиЎҖеҺӢе’Ңзі–е°ҝз—…зҡ„иҜҠжІ»гҖӮ', 1, '2025-05-14 10:45:00', '2025-05-14 10:45:00');
INSERT INTO `doctor` VALUES (27, 31, 'D027', 'дёҘеҢ»з”ҹ', 2, 'дё»д»»еҢ»еёҲ', 'йӘЁжҠҳ', 'жҜ•дёҡдәҺе№ҝе·һеҢ»з§‘еӨ§еӯҰпјҢд»ҺдәӢеӨ–з§‘дёҙеәҠе·ҘдҪң21е№ҙпјҢж“…й•ҝйӘЁжҠҳе’ҢеҲӣдјӨзҡ„жүӢжңҜжІ»з–—гҖӮ', 1, '2025-05-14 10:46:00', '2025-05-14 10:46:00');
INSERT INTO `doctor` VALUES (28, 32, 'D028', 'еҚҺеҢ»з”ҹ', 3, 'еүҜдё»д»»еҢ»еёҲ', 'е„ҝз«Ҙе“®е–ҳ', 'жҜ•дёҡдәҺжҳҶжҳҺеҢ»з§‘еӨ§еӯҰпјҢд»ҺдәӢе„ҝз§‘дёҙеәҠе·ҘдҪң14е№ҙпјҢж“…й•ҝе„ҝз«Ҙе“®е–ҳе’ҢиҝҮж•ҸжҖ§з–ҫз—…зҡ„иҜҠжІ»гҖӮ', 1, '2025-05-14 10:47:00', '2025-05-14 10:47:00');
INSERT INTO `doctor` VALUES (29, 33, 'D029', 'йҮ‘еҢ»з”ҹ', 4, 'дё»жІ»еҢ»еёҲ', 'еҰҮз§‘иӮҝзҳӨ', 'жҜ•дёҡдәҺж–°з–ҶеҢ»з§‘еӨ§еӯҰпјҢд»ҺдәӢеҰҮдә§з§‘дёҙеәҠе·ҘдҪң9е№ҙпјҢж“…й•ҝеҰҮз§‘иӮҝзҳӨзҡ„иҜҠжІ»гҖӮ', 1, '2025-05-14 10:48:00', '2025-05-14 10:48:00');
INSERT INTO `doctor` VALUES (30, 34, 'D030', 'йӯҸеҢ»з”ҹ', 5, 'дё»д»»еҢ»еёҲ', 'еҲӣдјӨжҖҘж•‘', 'жҜ•дёҡдәҺжІіеҢ—еҢ»з§‘еӨ§еӯҰпјҢд»ҺдәӢжҖҘиҜҠз§‘дёҙеәҠе·ҘдҪң20е№ҙпјҢж“…й•ҝеҲӣдјӨжҖҘж•‘е’ҢдёӯжҜ’ж•‘жІ»гҖӮ', 1, '2025-05-14 10:49:00', '2025-05-14 10:49:00');
INSERT INTO `doctor` VALUES (31, 35, 'D031', 'йҷ¶еҢ»з”ҹ', 6, 'еүҜдё»д»»еҢ»еёҲ', 'еҝғеҫӢеӨұеёё', 'жҜ•дёҡдәҺйғ‘е·һеӨ§еӯҰеҢ»еӯҰйҷўпјҢд»ҺдәӢеҝғиЎҖз®ЎеҶ…з§‘дёҙеәҠе·ҘдҪң15е№ҙпјҢж“…й•ҝеҝғеҫӢеӨұеёёе’ҢеҝғеҠӣиЎ°з«ӯзҡ„иҜҠжІ»гҖӮ', 1, '2025-05-14 10:50:00', '2025-05-14 10:50:00');
INSERT INTO `doctor` VALUES (32, 36, 'D032', 'е§ңеҢ»з”ҹ', 7, 'дё»жІ»еҢ»еёҲ', 'еӨҙз—ӣ', 'жҜ•дёҡдәҺжұҹиҘҝеҢ»еӯҰйҷўпјҢд»ҺдәӢзҘһз»ҸеҶ…з§‘дёҙеәҠе·ҘдҪң7е№ҙпјҢж“…й•ҝеӨҙз—ӣе’ҢзқЎзң йҡңзўҚзҡ„иҜҠжІ»гҖӮ', 1, '2025-05-14 10:51:00', '2025-05-14 10:51:00');
INSERT INTO `doctor` VALUES (33, 37, 'D033', 'жҲҡеҢ»з”ҹ', 8, 'дё»д»»еҢ»еёҲ', 'иӮқз—…', 'жҜ•дёҡдәҺе№ҝиҘҝеҢ»з§‘еӨ§еӯҰпјҢд»ҺдәӢж¶ҲеҢ–еҶ…з§‘дёҙеәҠе·ҘдҪң22е№ҙпјҢж“…й•ҝиӮқз—…е’Ңиғ°и…әз–ҫз—…зҡ„иҜҠжІ»гҖӮ', 1, '2025-05-14 10:52:00', '2025-05-14 10:52:00');
INSERT INTO `doctor` VALUES (34, 38, 'D034', 'и°ўеҢ»з”ҹ', 9, 'еүҜдё»д»»еҢ»еёҲ', 'е“®е–ҳ', 'жҜ•дёҡдәҺиҙөе·һеҢ»з§‘еӨ§еӯҰпјҢд»ҺдәӢе‘јеҗёеҶ…з§‘дёҙеәҠе·ҘдҪң13е№ҙпјҢж“…й•ҝе“®е–ҳе’ҢиӮәйғЁж„ҹжҹ“зҡ„иҜҠжІ»гҖӮ', 1, '2025-05-14 10:53:00', '2025-05-14 10:53:00');
INSERT INTO `doctor` VALUES (35, 39, 'D035', 'йӮ№еҢ»з”ҹ', 10, 'дё»жІ»еҢ»еёҲ', 'е°ҝжҜ’з—Ү', 'жҜ•дёҡдәҺиҘҝе®үдәӨйҖҡеӨ§еӯҰеҢ»еӯҰйҷўпјҢд»ҺдәӢиӮҫеҶ…з§‘дёҙеәҠе·ҘдҪң8е№ҙпјҢж“…й•ҝе°ҝжҜ’з—Үе’ҢиӮҫе°ҸзҗғиӮҫзӮҺзҡ„иҜҠжІ»гҖӮ', 1, '2025-05-14 10:54:00', '2025-05-14 10:54:00');
INSERT INTO `doctor` VALUES (36, 40, 'D036', 'е–»еҢ»з”ҹ', 11, 'дё»д»»еҢ»еёҲ', 'и„ҠжҹұеӨ–з§‘', 'жҜ•дёҡдәҺе…°е·һеӨ§еӯҰеҢ»еӯҰйҷўпјҢд»ҺдәӢйӘЁз§‘дёҙеәҠе·ҘдҪң23е№ҙпјҢж“…й•ҝи„ҠжҹұеӨ–з§‘е’ҢеҲӣдјӨйӘЁз§‘гҖӮ', 1, '2025-05-14 10:55:00', '2025-05-14 10:55:00');
INSERT INTO `doctor` VALUES (37, 41, 'D037', 'жҹҸеҢ»з”ҹ', 12, 'еүҜдё»д»»еҢ»еёҲ', 'еүҚеҲ—и…әз–ҫз—…', 'жҜ•дёҡдәҺе®ҒеӨҸеҢ»з§‘еӨ§еӯҰпјҢд»ҺдәӢжіҢе°ҝеӨ–з§‘дёҙеәҠе·ҘдҪң14е№ҙпјҢж“…й•ҝеүҚеҲ—и…әз–ҫз—…е’Ңз”·жҖ§дёҚиӮІзҡ„иҜҠжІ»гҖӮ', 1, '2025-05-14 10:56:00', '2025-05-14 10:56:00');
INSERT INTO `doctor` VALUES (38, 42, 'D038', 'ж°ҙеҢ»з”ҹ', 13, 'дё»жІ»еҢ»еёҲ', 'и„‘иЎҖз®Ўз—…', 'жҜ•дёҡдәҺйқ’еІӣеӨ§еӯҰеҢ»еӯҰйҷўпјҢд»ҺдәӢзҘһз»ҸеӨ–з§‘дёҙеәҠе·ҘдҪң9е№ҙпјҢж“…й•ҝи„‘иЎҖз®Ўз—…зҡ„жүӢжңҜжІ»з–—гҖӮ', 1, '2025-05-14 10:57:00', '2025-05-14 10:57:00');
INSERT INTO `doctor` VALUES (39, 43, 'D039', 'зӘҰеҢ»з”ҹ', 14, 'дё»д»»еҢ»еёҲ', 'йЈҹз®ЎзҷҢ', 'жҜ•дёҡдәҺжө·еҚ—еҢ»еӯҰйҷўпјҢд»ҺдәӢиғёеӨ–з§‘дёҙеәҠе·ҘдҪң21е№ҙпјҢж“…й•ҝйЈҹз®ЎзҷҢе’Ңзәөйҡ”иӮҝзҳӨзҡ„жүӢжңҜжІ»з–—гҖӮ', 1, '2025-05-14 10:58:00', '2025-05-14 10:58:00');
INSERT INTO `doctor` VALUES (40, 44, 'D040', 'з« еҢ»з”ҹ', 15, 'еүҜдё»д»»еҢ»еёҲ', 'е…ҲеӨ©жҖ§еҝғи„Ҹз—…', 'жҜ•дёҡдәҺеҶ…и’ҷеҸӨеҢ»з§‘еӨ§еӯҰпјҢд»ҺдәӢеҝғи„ҸеӨ–з§‘дёҙеәҠе·ҘдҪң16е№ҙпјҢж“…й•ҝе…ҲеӨ©жҖ§еҝғи„Ҹз—…зҡ„жүӢжңҜжІ»з–—гҖӮ', 1, '2025-05-14 10:59:00', '2025-05-14 10:59:00');
INSERT INTO `doctor` VALUES (41, 45, 'D041', 'дә‘еҢ»з”ҹ', 16, 'дё»жІ»еҢ»еёҲ', 'и§ҶзҪ‘иҶңз–ҫз—…', 'жҜ•дёҡдәҺж№–еҢ—еҢ»еӯҰйҷўпјҢд»ҺдәӢзңјз§‘дёҙеәҠе·ҘдҪң10е№ҙпјҢж“…й•ҝи§ҶзҪ‘иҶңз–ҫз—…е’Ңи§’иҶңз–ҫз—…зҡ„иҜҠжІ»гҖӮ', 1, '2025-05-14 11:00:00', '2025-05-14 11:00:00');
INSERT INTO `doctor` VALUES (42, 46, 'D042', 'иӢҸеҢ»з”ҹ', 17, 'дё»д»»еҢ»еёҲ', 'е’Ҫе–үз–ҫз—…', 'жҜ•дёҡдәҺиҘҝеҚ—еҢ»з§‘еӨ§еӯҰпјҢд»ҺдәӢиҖійј»е–үз§‘дёҙеәҠе·ҘдҪң24е№ҙпјҢж“…й•ҝе’Ҫе–үз–ҫз—…е’Ңеҗ¬еҠӣйҡңзўҚзҡ„иҜҠжІ»гҖӮ', 1, '2025-05-14 11:01:00', '2025-05-14 11:01:00');
INSERT INTO `doctor` VALUES (43, 47, 'D043', 'жҪҳеҢ»з”ҹ', 18, 'еүҜдё»д»»еҢ»еёҲ', 'иҝҮж•ҸжҖ§зҡ®иӮӨз—…', 'жҜ•дёҡдәҺеҚ—жҳҢеӨ§еӯҰеҢ»еӯҰйҷўпјҢд»ҺдәӢзҡ®иӮӨз§‘дёҙеәҠе·ҘдҪң15е№ҙпјҢж“…й•ҝиҝҮж•ҸжҖ§зҡ®иӮӨз—…е’Ңзҡ®иӮӨиӮҝзҳӨзҡ„иҜҠжІ»гҖӮ', 1, '2025-05-14 11:02:00', '2025-05-14 11:02:00');
INSERT INTO `doctor` VALUES (44, 48, 'D044', 'и‘ӣеҢ»з”ҹ', 19, 'дё»жІ»еҢ»еёҲ', 'зүҷдҪ“зүҷй«“з—…', 'жҜ•дёҡдәҺжё©е·һеҢ»з§‘еӨ§еӯҰпјҢд»ҺдәӢеҸЈи…”з§‘дёҙеәҠе·ҘдҪң11е№ҙпјҢж“…й•ҝзүҷдҪ“зүҷй«“з—…е’Ңзүҷе‘Ёз—…зҡ„иҜҠжІ»гҖӮ', 1, '2025-05-14 11:03:00', '2025-05-14 11:03:00');
INSERT INTO `doctor` VALUES (45, 49, 'D045', 'еҘҡеҢ»з”ҹ', 20, 'дё»д»»еҢ»еёҲ', 'зІҫзҘһеҲҶиЈӮз—Ү', 'жҜ•дёҡдәҺй•ҝжІ»еҢ»еӯҰйҷўпјҢд»ҺдәӢзІҫзҘһз§‘дёҙеәҠе·ҘдҪң25е№ҙпјҢж“…й•ҝзІҫзҘһеҲҶиЈӮз—Үе’ҢеҸҢзӣёжғ…ж„ҹйҡңзўҚзҡ„иҜҠжІ»гҖӮ', 1, '2025-05-14 11:04:00', '2025-05-14 11:04:00');
INSERT INTO `doctor` VALUES (46, 50, 'D046', 'иҢғеҢ»з”ҹ', 21, 'еүҜдё»д»»еҢ»еёҲ', 'иӮҝзҳӨеҢ–з–—', 'жҜ•дёҡдәҺй•ҝжІҷеҢ»еӯҰйҷўпјҢд»ҺдәӢиӮҝзҳӨз§‘дёҙеәҠе·ҘдҪң17е№ҙпјҢж“…й•ҝиӮҝзҳӨзҡ„еҢ–еӯҰжІ»з–—гҖӮ', 1, '2025-05-14 11:05:00', '2025-05-14 11:05:00');
INSERT INTO `doctor` VALUES (47, 51, 'D047', 'еҪӯеҢ»з”ҹ', 22, 'дё»жІ»еҢ»еёҲ', 'иүҫж»Ӣз—…', 'жҜ•дёҡдәҺеҫҗе·һеҢ»з§‘еӨ§еӯҰпјҢд»ҺдәӢж„ҹжҹ“з§‘дёҙеәҠе·ҘдҪң12е№ҙпјҢж“…й•ҝиүҫж»Ӣз—…е’Ңд№ҷеһӢиӮқзӮҺзҡ„иҜҠжІ»гҖӮ', 1, '2025-05-14 11:06:00', '2025-05-14 11:06:00');
INSERT INTO `doctor` VALUES (48, 52, 'D048', 'йғҺеҢ»з”ҹ', 23, 'дё»д»»еҢ»еёҲ', 'зҘһз»Ҹеә·еӨҚ', 'жҜ•дёҡдәҺйҒөд№үеҢ»з§‘еӨ§еӯҰпјҢд»ҺдәӢеә·еӨҚз§‘дёҙеәҠе·ҘдҪң23е№ҙпјҢж“…й•ҝзҘһз»Ҹеә·еӨҚе’ҢйӘЁз§‘еә·еӨҚгҖӮ', 1, '2025-05-14 11:07:00', '2025-05-14 11:07:00');
INSERT INTO `doctor` VALUES (49, 53, 'D049', 'йІҒеҢ»з”ҹ', 24, 'еүҜдё»д»»еҢ»еёҲ', 'дёӯеҢ»иӮҝзҳӨ', 'жҜ•дёҡдәҺеҚ—дә¬дёӯеҢ»иҚҜеӨ§еӯҰпјҢд»ҺдәӢдёӯеҢ»з§‘дёҙеәҠе·ҘдҪң18е№ҙпјҢж“…й•ҝдёӯеҢ»иӮҝзҳӨе’ҢдёӯеҢ»еҰҮз§‘з–ҫз—…зҡ„иҜҠжІ»гҖӮ', 1, '2025-05-14 11:08:00', '2025-05-14 11:08:00');
INSERT INTO `doctor` VALUES (50, 54, 'D050', 'йҹҰеҢ»з”ҹ', 25, 'дё»жІ»еҢ»еёҲ', 'й’ҲзҒёеҮҸиӮҘ', 'жҜ•дёҡдәҺе№ҝе·һдёӯеҢ»иҚҜеӨ§еӯҰпјҢд»ҺдәӢй’ҲзҒёжҺЁжӢҝз§‘дёҙеәҠе·ҘдҪң13е№ҙпјҢж“…й•ҝй’ҲзҒёеҮҸиӮҘе’Ңй’ҲзҒёжҲ’зғҹгҖӮ', 1, '2025-05-14 11:09:00', '2025-05-14 11:09:00');
INSERT INTO `doctor` VALUES (51, 55, 'D051', 'жҳҢеҢ»з”ҹ', 1, 'дё»д»»еҢ»еёҲ', 'зі–е°ҝз—…', 'жҜ•дёҡдәҺеұұиҘҝеҢ»з§‘еӨ§еӯҰпјҢд»ҺдәӢеҶ…з§‘дёҙеәҠе·ҘдҪң26е№ҙпјҢж“…й•ҝзі–е°ҝз—…е’Ңз”ІзҠ¶и…әз–ҫз—…зҡ„иҜҠжІ»гҖӮ', 1, '2025-05-14 11:10:00', '2025-05-14 11:10:00');
INSERT INTO `doctor` VALUES (52, 56, 'D052', 'й©¬еҢ»з”ҹ', 2, 'еүҜдё»д»»еҢ»еёҲ', 'и…№и…”й•ңжүӢжңҜ', 'жҜ•дёҡдәҺжІіеҚ—еӨ§еӯҰеҢ»еӯҰйҷўпјҢд»ҺдәӢеӨ–з§‘дёҙеәҠе·ҘдҪң19е№ҙпјҢж“…й•ҝи…№и…”й•ңжүӢжңҜе’Ңеҫ®еҲӣеӨ–з§‘гҖӮ', 1, '2025-05-14 11:11:00', '2025-05-14 11:11:00');

-- ----------------------------
-- Table structure for medical_record
-- ----------------------------
DROP TABLE IF EXISTS `medical_record`;
CREATE TABLE `medical_record`  (
  `id` bigint(20) NOT NULL AUTO_INCREMENT COMMENT 'и®°еҪ•ID',
  `record_no` varchar(20) CHARACTER SET utf8mb4 COLLATE utf8mb4_0900_ai_ci NOT NULL COMMENT 'и®°еҪ•зј–еҸ·',
  `patient_id` bigint(20) NOT NULL COMMENT 'жӮЈиҖ…ID',
  `doctor_id` bigint(20) NOT NULL COMMENT 'еҢ»з”ҹID',
  `appointment_id` bigint(20) NULL DEFAULT NULL COMMENT 'йў„зәҰID',
  `diagnosis` text CHARACTER SET utf8mb4 COLLATE utf8mb4_0900_ai_ci NULL COMMENT 'иҜҠж–ӯз»“жһң',
  `treatment` text CHARACTER SET utf8mb4 COLLATE utf8mb4_0900_ai_ci NULL COMMENT 'жІ»з–—ж–№жЎҲ',
  `record_date` date NOT NULL COMMENT 'е°ұиҜҠж—Ҙжңҹ',
  `notes` text CHARACTER SET utf8mb4 COLLATE utf8mb4_0900_ai_ci NULL COMMENT 'еҢ»з”ҹеӨҮжіЁ',
  `follow_up` date NULL DEFAULT NULL COMMENT 'йҡҸи®ҝж—Ҙжңҹ',
  `create_time` datetime NULL DEFAULT CURRENT_TIMESTAMP COMMENT 'еҲӣе»әж—¶й—ҙ',
  `update_time` datetime NULL DEFAULT CURRENT_TIMESTAMP ON UPDATE CURRENT_TIMESTAMP COMMENT 'жӣҙж–°ж—¶й—ҙ',
  PRIMARY KEY (`id`) USING BTREE,
  UNIQUE INDEX `uk_record_no`(`record_no` ASC) USING BTREE,
  INDEX `idx_patient_id`(`patient_id` ASC) USING BTREE,
  INDEX `idx_doctor_id`(`doctor_id` ASC) USING BTREE,
  INDEX `idx_appointment_id`(`appointment_id` ASC) USING BTREE
) ENGINE = InnoDB AUTO_INCREMENT = 3 CHARACTER SET = utf8mb4 COLLATE = utf8mb4_0900_ai_ci COMMENT = 'е°ұиҜҠи®°еҪ•иЎЁ' ROW_FORMAT = DYNAMIC;

-- ----------------------------
-- Records of medical_record
-- ----------------------------
INSERT INTO `medical_record` VALUES (1, 'MR001', 1, 1, 1, 'жҷ®йҖҡж„ҹеҶ’', 'еӨҡе–қж°ҙпјҢдј‘жҒҜпјҢеҜ№з—Үз”ЁиҚҜ', '2025-06-08', 'жіЁж„Ҹдҝқжҡ–', '2025-06-15', '2025-06-08 10:30:00', '2025-06-08 10:30:00');
INSERT INTO `medical_record` VALUES (2, 'MR002', 2, 2, 2, 'иғғзӮҺ', 'еҸЈжңҚиҚҜзү©жІ»з–—пјҢжё…ж·ЎйҘ®йЈҹ', '2025-06-08', 'йҒҝе…ҚиҫӣиҫЈеҲәжҝҖйЈҹзү©', '2025-06-15', '2025-06-08 11:00:00', '2025-06-08 11:00:00');

-- ----------------------------
-- Table structure for medicine
-- ----------------------------
DROP TABLE IF EXISTS `medicine`;
CREATE TABLE `medicine`  (
  `id` bigint(20) NOT NULL AUTO_INCREMENT COMMENT 'иҚҜе“ҒID',
  `medicine_code` varchar(20) CHARACTER SET utf8mb4 COLLATE utf8mb4_0900_ai_ci NOT NULL COMMENT 'иҚҜе“Ғзј–з Ғ',
  `medicine_name` varchar(100) CHARACTER SET utf8mb4 COLLATE utf8mb4_0900_ai_ci NOT NULL COMMENT 'иҚҜе“ҒеҗҚз§°',
  `specification` varchar(50) CHARACTER SET utf8mb4 COLLATE utf8mb4_0900_ai_ci NULL DEFAULT NULL COMMENT 'и§„ж ј',
  `dosage_form` varchar(20) CHARACTER SET utf8mb4 COLLATE utf8mb4_0900_ai_ci NULL DEFAULT NULL COMMENT 'еүӮеһӢ(зүҮеүӮ/иғ¶еӣҠ/жіЁе°„еүӮзӯү)',
  `manufacturer` varchar(100) CHARACTER SET utf8mb4 COLLATE utf8mb4_0900_ai_ci NULL DEFAULT NULL COMMENT 'з”ҹдә§еҺӮе®¶',
  `category` varchar(50) CHARACTER SET utf8mb4 COLLATE utf8mb4_0900_ai_ci NULL DEFAULT NULL COMMENT 'зұ»еҲ«(еӨ„ж–№иҚҜ/йқһеӨ„ж–№иҚҜ)',
  `price` decimal(10, 2) NULL DEFAULT NULL COMMENT 'еҚ•д»·',
  `stock` int(11) NULL DEFAULT 0 COMMENT 'еә“еӯҳйҮҸ',
  `instructions` text CHARACTER SET utf8mb4 COLLATE utf8mb4_0900_ai_ci NULL COMMENT 'дҪҝз”ЁиҜҙжҳҺ',
  `status` tinyint(4) NULL DEFAULT 1 COMMENT 'зҠ¶жҖҒ(0:дёӢжһ¶,1:дёҠжһ¶)',
  `create_time` datetime NULL DEFAULT CURRENT_TIMESTAMP COMMENT 'еҲӣе»әж—¶й—ҙ',
  `update_time` datetime NULL DEFAULT CURRENT_TIMESTAMP ON UPDATE CURRENT_TIMESTAMP COMMENT 'жӣҙж–°ж—¶й—ҙ',
  `category_id` int(11) NULL DEFAULT NULL COMMENT 'еҲҶзұ»id',
  PRIMARY KEY (`id`) USING BTREE,
  UNIQUE INDEX `uk_medicine_code`(`medicine_code` ASC) USING BTREE
) ENGINE = InnoDB AUTO_INCREMENT = 57 CHARACTER SET = utf8mb4 COLLATE = utf8mb4_0900_ai_ci COMMENT = 'иҚҜе“ҒиЎЁ' ROW_FORMAT = DYNAMIC;

-- ----------------------------
-- Records of medicine
-- ----------------------------
INSERT INTO `medicine` VALUES (1, 'M001', 'йҳҝеҸёеҢ№жһ—', '100mg*30зүҮ', 'зүҮеүӮ', 'еӣҪиҚҜйӣҶеӣў', 'еӨ„ж–№иҚҜ', 15.50, 1003, 'жҜҸж—Ҙдёүж¬ЎпјҢжҜҸж¬ЎдёҖзүҮ', 1, '2025-05-14 10:40:00', '2025-06-07 15:04:08', 1);
INSERT INTO `medicine` VALUES (2, 'M002', 'еёғжҙӣиҠ¬', '0.2g*10зүҮ', 'зүҮеүӮ', 'дёҠжө·еҢ»иҚҜ', 'йқһеӨ„ж–№иҚҜ', 12.80, 800, 'жҜҸж—Ҙдёүж¬ЎпјҢжҜҸж¬ЎдёҖзүҮ', 1, '2025-05-14 10:41:00', '2025-06-07 13:46:04', 2);
INSERT INTO `medicine` VALUES (3, 'M003', 'еӨҙеӯўе…ӢиӮҹ', '100mg*6зүҮ', 'зүҮеүӮ', 'е“ҲиҚҜйӣҶеӣў', 'еҸЈжңҚиҚҜ', 38.50, 500, 'жҜҸж—ҘдёӨж¬ЎпјҢжҜҸж¬ЎдёҖзүҮ', 1, '2025-05-14 10:42:00', '2025-06-07 13:46:14', 6);
INSERT INTO `medicine` VALUES (4, 'M004', 'еӨҚж–№ж„ҹеҶ’зҒөйў—зІ’', '10g*9иўӢ', 'йў—зІ’еүӮ', '999иҚҜдёҡ', 'еӨ„ж–№иҚҜ', 25.00, 600, 'жҜҸж—Ҙдёүж¬ЎпјҢжҜҸж¬ЎдёҖиўӢ', 1, '2025-05-14 10:43:00', '2025-06-07 13:46:19', 1);
INSERT INTO `medicine` VALUES (5, 'M005', 'з”ІзЎқе”‘', '0.2g*20зүҮ', 'зүҮеүӮ', 'йҪҗйІҒеҲ¶иҚҜ', 'еӨ„ж–№иҚҜ', 18.00, 700, 'жҜҸж—ҘдёӨж¬ЎпјҢжҜҸж¬ЎдёҖзүҮ', 1, '2025-05-14 10:44:00', '2025-05-14 10:44:00', NULL);
INSERT INTO `medicine` VALUES (6, 'M006', 'зӣҗй…ёж°ЁжәҙзҙўзүҮ', '30mg*20зүҮ', 'зүҮеүӮ', 'жҒ’з‘һеҢ»иҚҜ', 'еӨ„ж–№иҚҜ', 22.80, 650, 'жҜҸж—Ҙдёүж¬ЎпјҢжҜҸж¬ЎдёҖзүҮ', 1, '2025-05-14 10:45:00', '2025-05-14 10:45:00', NULL);
INSERT INTO `medicine` VALUES (7, 'M007', 'йҳҝиҺ«иҘҝжһ—иғ¶еӣҠ', '0.25g*24зІ’', 'иғ¶еӣҠ', 'е“ҲиҚҜйӣҶеӣў', 'еӨ„ж–№иҚҜ', 16.50, 800, 'жҜҸж—Ҙдёүж¬ЎпјҢжҜҸж¬ЎдёҖзІ’', 1, '2025-05-14 10:46:00', '2025-05-14 10:46:00', NULL);
INSERT INTO `medicine` VALUES (8, 'M008', 'з»ҙз”ҹзҙ CзүҮ', '0.1g*100зүҮ', 'зүҮеүӮ', 'еҚҺеҢ—еҲ¶иҚҜ', 'йқһеӨ„ж–№иҚҜ', 10.00, 1200, 'жҜҸж—ҘдёҖж¬ЎпјҢжҜҸж¬ЎдёҖзүҮ', 1, '2025-05-14 10:47:00', '2025-05-14 10:47:00', NULL);
INSERT INTO `medicine` VALUES (9, 'M009', 'зӣҗй…ёйӣ·е°јжӣҝдёҒиғ¶еӣҠ', '0.15g*30зІ’', 'иғ¶еӣҠ', 'еӨӘжһҒйӣҶеӣў', 'еӨ„ж–№иҚҜ', 28.50, 550, 'жҜҸж—ҘдёӨж¬ЎпјҢжҜҸж¬ЎдёҖзІ’', 1, '2025-05-14 10:48:00', '2025-05-14 10:48:00', NULL);
INSERT INTO `medicine` VALUES (10, 'M010', 'з»ҙз”ҹзҙ Bж—ҸзүҮ', 'еӨҚеҗҲ*60зүҮ', 'зүҮеүӮ', 'дёңеҢ—еҲ¶иҚҜ', 'йқһеӨ„ж–№иҚҜ', 13.50, 900, 'жҜҸж—ҘдёҖж¬ЎпјҢжҜҸж¬ЎдёҖзүҮ', 1, '2025-05-14 10:49:00', '2025-05-14 10:49:00', NULL);
INSERT INTO `medicine` VALUES (11, 'M011', 'еӨҚж–№дё№еҸӮж»ҙдёё', '27mg*180дёё', 'ж»ҙдёё', 'еӨ©еЈ«еҠӣ', 'еӨ„ж–№иҚҜ', 36.80, 450, 'жҜҸж—Ҙдёүж¬ЎпјҢжҜҸж¬Ў10дёё', 1, '2025-05-14 10:50:00', '2025-05-14 10:50:00', NULL);
INSERT INTO `medicine` VALUES (12, 'M012', 'и—ҝйҰҷжӯЈж°”ж°ҙ', '10ml*10ж”Ҝ', 'еҸЈжңҚж¶І', 'еҗҢд»Ғе Ӯ', 'йқһеӨ„ж–№иҚҜ', 14.50, 700, 'жҜҸж—Ҙдёүж¬ЎпјҢжҜҸж¬ЎдёҖж”Ҝ', 1, '2025-05-14 10:51:00', '2025-05-14 10:51:00', NULL);
INSERT INTO `medicine` VALUES (13, 'M013', 'иҫӣдјҗд»–жұҖзүҮ', '20mg*28зүҮ', 'зүҮеүӮ', 'дҝЎз«Ӣжі°', 'еӨ„ж–№иҚҜ', 45.60, 420, 'жҜҸж—ҘдёҖж¬ЎпјҢжҜҸж¬ЎдёҖзүҮ', 1, '2025-05-14 10:52:00', '2025-05-14 10:52:00', NULL);
INSERT INTO `medicine` VALUES (14, 'M014', 'ж°Ёе’–й»„ж•Ҹиғ¶еӣҠ', 'еӨҚеҗҲ*20зІ’', 'иғ¶еӣҠ', 'и‘өиҠұиҚҜдёҡ', 'йқһеӨ„ж–№иҚҜ', 17.20, 850, 'жҜҸж—Ҙдёүж¬ЎпјҢжҜҸж¬ЎдёҖзІ’', 1, '2025-05-14 10:53:00', '2025-05-14 10:53:00', NULL);
INSERT INTO `medicine` VALUES (15, 'M015', 'дәҢз”ІеҸҢиғҚзүҮ', '0.5g*30зүҮ', 'зүҮеүӮ', 'еҢ—дә¬еҲ¶иҚҜ', 'еӨ„ж–№иҚҜ', 24.30, 580, 'жҜҸж—Ҙдёүж¬ЎпјҢжҜҸж¬ЎдёҖзүҮ', 1, '2025-05-14 10:54:00', '2025-05-14 10:54:00', NULL);
INSERT INTO `medicine` VALUES (16, 'M016', 'еӨҚж–№жқҝи“қж №йў—зІ’', '10g*20иўӢ', 'йў—зІ’еүӮ', 'дә‘еҚ—зҷҪиҚҜ', 'йқһеӨ„ж–№иҚҜ', 28.00, 750, 'жҜҸж—Ҙдёүж¬ЎпјҢжҜҸж¬ЎдёҖиўӢ', 1, '2025-05-14 10:55:00', '2025-05-14 10:55:00', NULL);
INSERT INTO `medicine` VALUES (17, 'M017', 'иӢҜзЈәй…ёж°Ёж°Ҝең°е№ізүҮ', '5mg*28зүҮ', 'зүҮеүӮ', 'иҫүз‘һеҲ¶иҚҜ', 'еӨ„ж–№иҚҜ', 39.80, 420, 'жҜҸж—ҘдёҖж¬ЎпјҢжҜҸж¬ЎдёҖзүҮ', 1, '2025-05-14 10:56:00', '2025-05-14 10:56:00', NULL);
INSERT INTO `medicine` VALUES (18, 'M018', 'зӣҗй…ёе·Ұж°§ж°ҹжІҷжҳҹзүҮ', '0.1g*12зүҮ', 'зүҮеүӮ', 'жү¬еӯҗжұҹиҚҜдёҡ', 'еӨ„ж–№иҚҜ', 26.50, 600, 'жҜҸж—ҘдёӨж¬ЎпјҢжҜҸж¬ЎдёҖзүҮ', 1, '2025-05-14 10:57:00', '2025-05-14 10:57:00', NULL);
INSERT INTO `medicine` VALUES (19, 'M019', 'жһёж©јй…ёй“Ӣй’ҫиғ¶еӣҠ', '0.11g*56зІ’', 'иғ¶еӣҠ', 'дёҪзҸ йӣҶеӣў', 'еӨ„ж–№иҚҜ', 48.00, 380, 'жҜҸж—Ҙеӣӣж¬ЎпјҢжҜҸж¬ЎдёҖзІ’', 1, '2025-05-14 10:58:00', '2025-05-14 10:58:00', NULL);
INSERT INTO `medicine` VALUES (20, 'M020', 'йҳҝеҘҮйңүзҙ зүҮ', '0.25g*6зүҮ', 'зүҮеүӮ', 'зҷҪдә‘еұұеҲ¶иҚҜ', 'еӨ„ж–№иҚҜ', 32.50, 450, 'жҜҸж—ҘдёҖж¬ЎпјҢжҜҸж¬ЎдёӨзүҮ', 1, '2025-05-14 10:59:00', '2025-05-14 10:59:00', NULL);
INSERT INTO `medicine` VALUES (21, 'M021', 'й“¶зҝҳи§ЈжҜ’зүҮ', '0.5g*24зүҮ', 'зүҮеүӮ', 'жұҹдёӯиҚҜдёҡ', 'йқһеӨ„ж–№иҚҜ', 16.80, 800, 'жҜҸж—Ҙдёүж¬ЎпјҢжҜҸж¬ЎдёӨзүҮ', 1, '2025-05-14 11:00:00', '2025-05-14 11:00:00', NULL);
INSERT INTO `medicine` VALUES (22, 'M022', 'зӣҗй…ёж°ҹжЎӮеҲ©е—Әиғ¶еӣҠ', '5mg*20зІ’', 'иғ¶еӣҠ', 'дёҠжө·еҢ»иҚҜ', 'еӨ„ж–№иҚҜ', 29.50, 520, 'жҜҸж—Ҙдёүж¬ЎпјҢжҜҸж¬ЎдёҖзІ’', 1, '2025-05-14 11:01:00', '2025-05-14 11:01:00', NULL);
INSERT INTO `medicine` VALUES (23, 'M023', 'иҝһиҠұжё…зҳҹиғ¶еӣҠ', '0.35g*24зІ’', 'иғ¶еӣҠ', 'д»ҘеІӯиҚҜдёҡ', 'йқһеӨ„ж–№иҚҜ', 19.80, 900, 'жҜҸж—Ҙдёүж¬ЎпјҢжҜҸж¬ЎеӣӣзІ’', 1, '2025-05-14 11:02:00', '2025-05-14 11:02:00', NULL);
INSERT INTO `medicine` VALUES (24, 'M024', 'зӣҗй…ёдәҢз”ІеҸҢиғҚзј“йҮҠзүҮ', '0.5g*30зүҮ', 'зүҮеүӮ', 'дёӯзҫҺдёҠжө·ж–Ҫиҙөе®қ', 'еӨ„ж–№иҚҜ', 38.60, 450, 'жҜҸж—ҘдёӨж¬ЎпјҢжҜҸж¬ЎдёҖзүҮ', 1, '2025-05-14 11:03:00', '2025-05-14 11:03:00', NULL);
INSERT INTO `medicine` VALUES (25, 'M025', 'жӣҝзЎқе”‘зүҮ', '0.5g*10зүҮ', 'зүҮеүӮ', 'жө·жӯЈиҚҜдёҡ', 'еӨ„ж–№иҚҜ', 21.50, 600, 'жҜҸж—Ҙдёүж¬ЎпјҢжҜҸж¬ЎдёҖзүҮ', 1, '2025-05-14 11:04:00', '2025-05-14 11:04:00', NULL);
INSERT INTO `medicine` VALUES (26, 'M026', 'зӣҗй…ёзү№жӢүе”‘е—ӘзүҮ', '2mg*28зүҮ', 'зүҮеүӮ', 'з§‘дјҰиҚҜдёҡ', 'еӨ„ж–№иҚҜ', 35.80, 380, 'жҜҸж—ҘдёҖж¬ЎпјҢжҜҸж¬ЎдёҖзүҮ', 1, '2025-05-14 11:05:00', '2025-05-14 11:05:00', NULL);
INSERT INTO `medicine` VALUES (27, 'M027', 'дәәеҸӮеҪ’и„ҫдёё', '9g*10дёё', 'ж°ҙиңңдёё', 'еҗҢд»Ғе Ӯ', 'йқһеӨ„ж–№иҚҜ', 26.50, 550, 'жҜҸж—ҘдёӨж¬ЎпјҢжҜҸж¬ЎдёҖдёё', 1, '2025-05-14 11:06:00', '2025-05-14 11:06:00', NULL);
INSERT INTO `medicine` VALUES (28, 'M028', 'зӣҗй…ёеӨҡеЎһе№ізүҮ', '25mg*100зүҮ', 'зүҮеүӮ', 'жҳҶжҳҺеҲ¶иҚҜ', 'еӨ„ж–№иҚҜ', 42.80, 320, 'жҜҸж—Ҙдёүж¬ЎпјҢжҜҸж¬ЎдёҖзүҮ', 1, '2025-05-14 11:07:00', '2025-05-14 11:07:00', NULL);
INSERT INTO `medicine` VALUES (29, 'M029', 'е°ҸжҹҙиғЎйў—зІ’', '10g*10иўӢ', 'йў—зІ’еүӮ', 'еӨӘжһҒйӣҶеӣў', 'йқһеӨ„ж–№иҚҜ', 15.80, 780, 'жҜҸж—Ҙдёүж¬ЎпјҢжҜҸж¬ЎдёҖиўӢ', 1, '2025-05-14 11:08:00', '2025-05-14 11:08:00', NULL);
INSERT INTO `medicine` VALUES (30, 'M030', 'ж јеҲ—йҪҗзү№зј“йҮҠзүҮ', '30mg*60зүҮ', 'зүҮеүӮ', 'ж–Ҫз»ҙйӣ…еҲ¶иҚҜ', 'еӨ„ж–№иҚҜ', 48.50, 350, 'жҜҸж—ҘдёҖж¬ЎпјҢжҜҸж¬ЎдёҖзүҮ', 1, '2025-05-14 11:09:00', '2025-05-14 11:09:00', NULL);
INSERT INTO `medicine` VALUES (31, 'M031', 'ж„ҹеҶ’жё…зғӯйў—зІ’', '12g*10иўӢ', 'йў—зІ’еүӮ', 'еҚҺж¶Ұдёүд№қ', 'йқһеӨ„ж–№иҚҜ', 16.80, 850, 'жҜҸж—Ҙдёүж¬ЎпјҢжҜҸж¬ЎдёҖиўӢ', 1, '2025-05-14 11:10:00', '2025-05-14 11:10:00', NULL);
INSERT INTO `medicine` VALUES (32, 'M032', 'зӣҗй…ёдјҗең°йӮЈйқһзүҮ', '20mg*2зүҮ', 'зүҮеүӮ', 'жӢңиҖіеҢ»иҚҜ', 'еӨ„ж–№иҚҜ', 58.00, 280, 'жҖ§з”ҹжҙ»еүҚ1е°Ҹж—¶жңҚз”ЁпјҢжҜҸж¬ЎдёҖзүҮ', 1, '2025-05-14 11:11:00', '2025-05-14 11:11:00', NULL);
INSERT INTO `medicine` VALUES (33, 'M033', 'жқҝи“қж №йў—зІ’', '10g*20иўӢ', 'йў—зІ’еүӮ', 'е№ҝе·һзҷҪдә‘еұұ', 'йқһеӨ„ж–№иҚҜ', 18.50, 920, 'жҜҸж—Ҙдёүж¬ЎпјҢжҜҸж¬ЎдёҖиўӢ', 1, '2025-05-14 11:12:00', '2025-05-14 11:12:00', NULL);
INSERT INTO `medicine` VALUES (34, 'M034', 'зӣҗй…ёиҘҝжӣҝеҲ©е—ӘзүҮ', '10mg*12зүҮ', 'зүҮеүӮ', 'дёҠжө·е…ҲзҒөи‘Ҷйӣ…', 'еӨ„ж–№иҚҜ', 32.50, 480, 'жҜҸж—ҘдёҖж¬ЎпјҢжҜҸж¬ЎдёҖзүҮ', 1, '2025-05-14 11:13:00', '2025-05-14 11:13:00', NULL);
INSERT INTO `medicine` VALUES (35, 'M035', 'е…ӯе‘іең°й»„дёё', '9g*10дёё', 'ж°ҙиңңдёё', 'еҢ—дә¬еҗҢд»Ғе Ӯ', 'йқһеӨ„ж–№иҚҜ', 22.50, 680, 'жҜҸж—ҘдёӨж¬ЎпјҢжҜҸж¬ЎдёҖдёё', 1, '2025-05-14 11:14:00', '2025-05-14 11:14:00', NULL);
INSERT INTO `medicine` VALUES (36, 'M036', 'еҘҘзҫҺжӢүе”‘иӮ жә¶иғ¶еӣҠ', '20mg*28зІ’', 'иғ¶еӣҠ', 'йҳҝж–ҜеҲ©еә·', 'еӨ„ж–№иҚҜ', 48.50, 350, 'жҜҸж—ҘдёҖж¬ЎпјҢжҜҸж¬ЎдёҖзІ’', 1, '2025-05-14 11:15:00', '2025-05-14 11:15:00', NULL);
INSERT INTO `medicine` VALUES (37, 'M037', 'й»„иҝһдёҠжё…зүҮ', '0.3g*24зүҮ', 'зүҮеүӮ', 'е“ҲиҚҜйӣҶеӣў', 'йқһеӨ„ж–№иҚҜ', 14.50, 750, 'жҜҸж—Ҙдёүж¬ЎпјҢжҜҸж¬ЎдёӨзүҮ', 1, '2025-05-14 11:16:00', '2025-05-14 11:16:00', NULL);
INSERT INTO `medicine` VALUES (38, 'M038', 'йҳҝжүҳдјҗд»–жұҖй’ҷзүҮ', '20mg*7зүҮ', 'зүҮеүӮ', 'иҫүз‘һеҲ¶иҚҜ', 'еӨ„ж–№иҚҜ', 56.80, 300, 'жҜҸж—ҘдёҖж¬ЎпјҢжҜҸж¬ЎдёҖзүҮ', 1, '2025-05-14 11:17:00', '2025-05-14 11:17:00', NULL);
INSERT INTO `medicine` VALUES (39, 'M039', 'и’Іең°и“қж¶ҲзӮҺзүҮ', '0.3g*24зүҮ', 'зүҮеүӮ', 'жөҺе·қиҚҜдёҡ', 'йқһеӨ„ж–№иҚҜ', 17.80, 820, 'жҜҸж—Ҙдёүж¬ЎпјҢжҜҸж¬ЎеӣӣзүҮ', 1, '2025-05-14 11:18:00', '2025-05-14 11:18:00', NULL);
INSERT INTO `medicine` VALUES (40, 'M040', 'зӣҗй…ёзҺҜдёҷжІҷжҳҹзүҮ', '0.25g*20зүҮ', 'зүҮеүӮ', 'зҷҪдә‘еұұеҲ¶иҚҜ', 'еӨ„ж–№иҚҜ', 26.50, 560, 'жҜҸж—ҘдёӨж¬ЎпјҢжҜҸж¬ЎдёҖзүҮ', 1, '2025-05-14 11:19:00', '2025-05-14 11:19:00', NULL);
INSERT INTO `medicine` VALUES (41, 'M041', 'зүӣй»„и§ЈжҜ’зүҮ', '0.3g*36зүҮ', 'зүҮеүӮ', 'еҗҢд»Ғе Ӯ', 'йқһеӨ„ж–№иҚҜ', 19.80, 780, 'жҜҸж—Ҙдёүж¬ЎпјҢжҜҸж¬ЎдёӨзүҮ', 1, '2025-05-14 11:20:00', '2025-05-14 11:20:00', NULL);
INSERT INTO `medicine` VALUES (42, 'M042', 'жһёж©јй…ёиҘҝең°йӮЈйқһзүҮ', '50mg*4зүҮ', 'зүҮеүӮ', 'иҫүз‘һеҲ¶иҚҜ', 'еӨ„ж–№иҚҜ', 68.00, 250, 'жҖ§з”ҹжҙ»еүҚ1е°Ҹж—¶жңҚз”ЁпјҢжҜҸж¬ЎдёҖзүҮ', 1, '2025-05-14 11:21:00', '2025-05-14 11:21:00', NULL);
INSERT INTO `medicine` VALUES (43, 'M043', 'е·қиҙқжӯўе’ізі–жөҶ', '100ml/з“¶', 'зі–жөҶеүӮ', 'еӨӘжһҒйӣҶеӣў', 'йқһеӨ„ж–№иҚҜ', 15.50, 620, 'жҜҸж—Ҙдёүж¬ЎпјҢжҜҸж¬Ў10ml', 1, '2025-05-14 11:22:00', '2025-05-14 11:22:00', NULL);
INSERT INTO `medicine` VALUES (44, 'M044', 'зӣҗй…ёеё•зҪ—иҘҝжұҖзүҮ', '20mg*14зүҮ', 'зүҮеүӮ', 'дёӯзҫҺеӨ©жҙҘеҸІе…Ӣ', 'еӨ„ж–№иҚҜ', 75.00, 230, 'жҜҸж—ҘдёҖж¬ЎпјҢжҜҸж¬ЎдёҖзүҮ', 1, '2025-05-14 11:23:00', '2025-05-14 11:23:00', NULL);
INSERT INTO `medicine` VALUES (45, 'M045', 'дә¬еҲ¶зүӣй»„и§ЈжҜ’дёё', '3g*10дёё', 'ж°ҙиңңдёё', 'еҗҢд»Ғе Ӯ', 'йқһеӨ„ж–№иҚҜ', 26.50, 550, 'жҜҸж—ҘдёӨж¬ЎпјҢжҜҸж¬ЎдёҖдёё', 1, '2025-05-14 11:24:00', '2025-05-14 11:24:00', NULL);
INSERT INTO `medicine` VALUES (46, 'M046', 'еҜҢй©¬й…ёжҜ”зҙўжҙӣе°”зүҮ', '5mg*30зүҮ', 'зүҮеүӮ', 'й»ҳе…ӢеҲ¶иҚҜ', 'еӨ„ж–№иҚҜ', 42.50, 380, 'жҜҸж—ҘдёҖж¬ЎпјҢжҜҸж¬ЎдёҖзүҮ', 1, '2025-05-14 11:25:00', '2025-05-14 11:25:00', NULL);
INSERT INTO `medicine` VALUES (47, 'M047', 'и—ҝйҰҷжӯЈж°”иғ¶еӣҠ', '0.3g*12зІ’', 'иғ¶еӣҠ', 'е№ҝе·һзҷҪдә‘еұұ', 'йқһеӨ„ж–№иҚҜ', 12.80, 850, 'жҜҸж—Ҙдёүж¬ЎпјҢжҜҸж¬ЎдёҖзІ’', 1, '2025-05-14 11:26:00', '2025-05-14 11:26:00', NULL);
INSERT INTO `medicine` VALUES (48, 'M048', 'зЎқиӢҜең°е№ізј“йҮҠзүҮ', '20mg*60зүҮ', 'зүҮеүӮ', 'жӢңиҖіеҢ»иҚҜ', 'еӨ„ж–№иҚҜ', 36.80, 420, 'жҜҸж—ҘдёҖж¬ЎпјҢжҜҸж¬ЎдёҖзүҮ', 1, '2025-05-14 11:27:00', '2025-05-14 11:27:00', NULL);
INSERT INTO `medicine` VALUES (49, 'M049', 'йҮ‘е—“еӯҗе–үзүҮ', '2.6g*12зүҮ', 'зүҮеүӮ', 'е№ҝиҘҝйҮ‘е—“еӯҗ', 'йқһеӨ„ж–№иҚҜ', 13.50, 880, 'жҜҸж—Ҙеӣӣж¬ЎпјҢжҜҸж¬Ўеҗ«жңҚдёҖзүҮ', 1, '2025-05-14 11:28:00', '2025-05-14 11:28:00', NULL);
INSERT INTO `medicine` VALUES (50, 'M050', 'зўій…ёй’ҷD3зүҮ', '600mg*30зүҮ', 'зүҮеүӮ', 'жғ ж°ҸеҲ¶иҚҜ', 'йқһеӨ„ж–№иҚҜ', 29.80, 520, 'жҜҸж—ҘдёҖж¬ЎпјҢжҜҸж¬ЎдёҖзүҮ', 1, '2025-05-14 11:29:00', '2025-05-14 11:29:00', NULL);
INSERT INTO `medicine` VALUES (51, 'M051', 'жіЁе°„з”Ёйқ’йңүзҙ й’ ', '800дёҮеҚ•дҪҚ/з“¶', 'жіЁе°„еүӮ', 'еҚҺеҢ—еҲ¶иҚҜ', 'еӨ„ж–№иҚҜ', 8.50, 600, 'жҜҸж—ҘдёӨж¬ЎпјҢжҜҸж¬Ў80дёҮеҚ•дҪҚ', 1, '2025-05-14 11:30:00', '2025-05-14 11:30:00', NULL);
INSERT INTO `medicine` VALUES (52, 'M052', 'жҹҙиғЎжіЁе°„ж¶І', '2ml*10ж”Ҝ', 'жіЁе°„еүӮ', 'йІҒеҚ—еҲ¶иҚҜ', 'еӨ„ж–№иҚҜ', 28.00, 450, 'жҜҸж—ҘдёҖж¬ЎпјҢжҜҸж¬Ў2ml', 1, '2025-05-14 11:31:00', '2025-05-14 11:31:00', NULL);
INSERT INTO `medicine` VALUES (53, 'M053', 'з»ҙз”ҹзҙ CжіЁе°„ж¶І', '0.5g*10ж”Ҝ', 'жіЁе°„еүӮ', 'еӨ©жҙҘиҚҜдёҡ', 'еӨ„ж–№иҚҜ', 15.80, 720, 'жҜҸж—ҘдёҖж¬ЎпјҢжҜҸж¬ЎдёҖж”Ҝ', 1, '2025-05-14 11:32:00', '2025-05-14 11:32:00', NULL);
INSERT INTO `medicine` VALUES (54, 'M054', 'и‘Ўиҗ„зі–жіЁе°„ж¶І', '250ml/з“¶', 'жіЁе°„еүӮ', 'з§‘дјҰиҚҜдёҡ', 'еӨ„ж–№иҚҜ', 6.80, 1200, 'йҒөеҢ»еҳұдҪҝз”Ё', 1, '2025-05-14 11:33:00', '2025-05-14 11:33:00', NULL);

-- ----------------------------
-- Table structure for medicine_category
-- ----------------------------
DROP TABLE IF EXISTS `medicine_category`;
CREATE TABLE `medicine_category`  (
  `id` bigint(20) NOT NULL AUTO_INCREMENT COMMENT 'еҲҶзұ»ID',
  `category_name` varchar(50) CHARACTER SET utf8mb4 COLLATE utf8mb4_0900_ai_ci NOT NULL COMMENT 'еҲҶзұ»еҗҚз§°',
  `category_code` varchar(20) CHARACTER SET utf8mb4 COLLATE utf8mb4_0900_ai_ci NOT NULL COMMENT 'еҲҶзұ»зј–з Ғ',
  `description` varchar(200) CHARACTER SET utf8mb4 COLLATE utf8mb4_0900_ai_ci NULL DEFAULT NULL COMMENT 'еҲҶзұ»жҸҸиҝ°',
  `status` tinyint(4) NULL DEFAULT 1 COMMENT 'зҠ¶жҖҒ(0:зҰҒз”Ё,1:еҗҜз”Ё)',
  `create_time` datetime NULL DEFAULT CURRENT_TIMESTAMP COMMENT 'еҲӣе»әж—¶й—ҙ',
  `update_time` datetime NULL DEFAULT CURRENT_TIMESTAMP ON UPDATE CURRENT_TIMESTAMP COMMENT 'жӣҙж–°ж—¶й—ҙ',
  PRIMARY KEY (`id`) USING BTREE,
  UNIQUE INDEX `uk_category_code`(`category_code` ASC) USING BTREE
) ENGINE = InnoDB AUTO_INCREMENT = 8 CHARACTER SET = utf8mb4 COLLATE = utf8mb4_0900_ai_ci COMMENT = 'иҚҜе“ҒеҲҶзұ»иЎЁ' ROW_FORMAT = DYNAMIC;

-- ----------------------------
-- Records of medicine_category
-- ----------------------------
INSERT INTO `medicine_category` VALUES (2, 'йқһеӨ„ж–№иҚҜ', 'FCFY', 'дёҚйңҖиҰҒеҮӯжү§дёҡеҢ»еёҲеӨ„ж–№еҚіеҸҜиҮӘиЎҢеҲӨж–ӯгҖҒиҙӯд№°е’ҢдҪҝз”Ёзҡ„иҚҜе“Ғ', 1, '2025-05-14 10:46:00', '2025-05-14 10:46:00');
INSERT INTO `medicine_category` VALUES (3, 'дёӯиҚҜ', 'ZY', 'д»ҘдёӯиҚҜжқҗдёәеҺҹж–ҷпјҢеңЁдёӯеҢ»зҗҶи®әжҢҮеҜјдёӢеҲ¶жҲҗзҡ„иҚҜе“Ғ', 1, '2025-05-14 10:47:00', '2025-05-14 10:47:00');
INSERT INTO `medicine_category` VALUES (4, 'иҘҝиҚҜ', 'XY', 'д»ҘеҢ–еӯҰеҗҲжҲҗжҲ–з”ҹзү©жҠҖжңҜдёәдё»иҰҒж–№жі•еҲ¶жҲҗзҡ„иҚҜе“Ғ', 1, '2025-05-14 10:48:00', '2025-05-14 10:48:00');
INSERT INTO `medicine_category` VALUES (5, 'й’ҲеүӮ', 'ZJ', 'йңҖиҰҒжіЁе°„з»ҷиҚҜзҡ„иҚҜзү©еҲ¶еүӮ', 1, '2025-05-14 10:49:00', '2025-05-14 10:49:00');
INSERT INTO `medicine_category` VALUES (6, 'еҸЈжңҚиҚҜ', 'KFY', 'з»ҸеҸЈжңҚз”Ёзҡ„иҚҜзү©еҲ¶еүӮ', 1, '2025-05-14 10:50:00', '2025-05-14 10:50:00');
INSERT INTO `medicine_category` VALUES (7, 'еӨ„ж–№иҚҜ', 'CFY', 'еӨ„ж–№иҚҜ', 1, '2025-06-07 15:09:15', '2025-06-07 15:09:15');

-- ----------------------------
-- Table structure for patient
-- ----------------------------
DROP TABLE IF EXISTS `patient`;
CREATE TABLE `patient`  (
  `id` bigint(20) NOT NULL AUTO_INCREMENT COMMENT 'жӮЈиҖ…ID',
  `user_id` bigint(20) NULL DEFAULT NULL COMMENT 'з”ЁжҲ·ID',
  `patient_no` varchar(20) CHARACTER SET utf8mb4 COLLATE utf8mb4_0900_ai_ci NOT NULL COMMENT 'жӮЈиҖ…зј–еҸ·',
  `name` varchar(50) CHARACTER SET utf8mb4 COLLATE utf8mb4_0900_ai_ci NOT NULL COMMENT 'е§“еҗҚ',
  `id_card` varchar(20) CHARACTER SET utf8mb4 COLLATE utf8mb4_0900_ai_ci NULL DEFAULT NULL COMMENT 'иә«д»ҪиҜҒеҸ·',
  `birthday` date NULL DEFAULT NULL COMMENT 'еҮәз”ҹж—Ҙжңҹ',
  `sex` varchar(10) CHARACTER SET utf8mb4 COLLATE utf8mb4_0900_ai_ci NULL DEFAULT NULL COMMENT 'жҖ§еҲ«',
  `phone` varchar(20) CHARACTER SET utf8mb4 COLLATE utf8mb4_0900_ai_ci NULL DEFAULT NULL COMMENT 'иҒ”зі»з”өиҜқ',
  `address` varchar(200) CHARACTER SET utf8mb4 COLLATE utf8mb4_0900_ai_ci NULL DEFAULT NULL COMMENT 'дҪҸеқҖ',
  `medical_history` text CHARACTER SET utf8mb4 COLLATE utf8mb4_0900_ai_ci NULL COMMENT 'з—…еҸІ',
  `allergies` text CHARACTER SET utf8mb4 COLLATE utf8mb4_0900_ai_ci NULL COMMENT 'иҝҮж•ҸеҸІ',
  `create_time` datetime NULL DEFAULT CURRENT_TIMESTAMP COMMENT 'еҲӣе»әж—¶й—ҙ',
  `update_time` datetime NULL DEFAULT CURRENT_TIMESTAMP ON UPDATE CURRENT_TIMESTAMP COMMENT 'жӣҙж–°ж—¶й—ҙ',
  PRIMARY KEY (`id`) USING BTREE,
  UNIQUE INDEX `uk_patient_no`(`patient_no` ASC) USING BTREE,
  INDEX `idx_user_id`(`user_id` ASC) USING BTREE
) ENGINE = InnoDB AUTO_INCREMENT = 4 CHARACTER SET = utf8mb4 COLLATE = utf8mb4_0900_ai_ci COMMENT = 'жӮЈиҖ…иЎЁ' ROW_FORMAT = DYNAMIC;

-- ----------------------------
-- Records of patient
-- ----------------------------
INSERT INTO `patient` VALUES (1, 5, 'P001', 'иөөжӮЈиҖ…', '110101199001011234', '1990-01-01', 'з”·', '13844444444', 'еҢ—дә¬еёӮжңқйҳіеҢәxxxиЎ—йҒ“', 'ж— йҮҚеӨ§з—…еҸІ', 'йқ’йңүзҙ иҝҮж•Ҹ', '2025-05-14 10:30:00', '2025-05-14 10:30:00');
INSERT INTO `patient` VALUES (2, 6, 'P002', 'й’ұжӮЈиҖ…', '110101199202022345', '1992-02-02', 'еҘі', '13855555555', 'еҢ—дә¬еёӮжө·ж·ҖеҢәxxxиЎ—йҒ“', 'жӣҫеҒҡиҝҮйҳ‘е°ҫеҲҮйҷӨжүӢжңҜ', 'ж— ', '2025-05-14 10:31:00', '2025-05-14 10:31:00');
INSERT INTO `patient` VALUES (3, 57, 'PF14FE559', 'test', '320821200106063939', '2001-06-06', 'еҘі', '13456789987', 'test', 'test', 'test', '2025-06-07 15:26:47', '2025-06-07 15:48:21');

-- ----------------------------
-- Table structure for medical_record_detail
-- ----------------------------
DROP TABLE IF EXISTS `medical_record_detail`;
CREATE TABLE `medical_record_detail`  (
  `id` bigint(20) NOT NULL AUTO_INCREMENT COMMENT 'е°ұиҜҠжҳҺз»ҶID',
  `record_id` bigint(20) NOT NULL COMMENT 'е°ұиҜҠи®°еҪ•ID',
  `symptom_name` varchar(200) CHARACTER SET utf8mb4 COLLATE utf8mb4_0900_ai_ci NOT NULL COMMENT 'з—…з—ҮеҗҚз§°',
  `treatment_plan` text CHARACTER SET utf8mb4 COLLATE utf8mb4_0900_ai_ci NULL COMMENT 'еҜ№еә”жІ»з–—ж–№жЎҲ',
  `sort_no` int(11) NULL DEFAULT 1 COMMENT 'жҺ’еәҸеҸ·',
  `create_time` datetime NULL DEFAULT CURRENT_TIMESTAMP COMMENT 'еҲӣе»әж—¶й—ҙ',
  `update_time` datetime NULL DEFAULT CURRENT_TIMESTAMP ON UPDATE CURRENT_TIMESTAMP COMMENT 'жӣҙж–°ж—¶й—ҙ',
  PRIMARY KEY (`id`) USING BTREE,
  INDEX `idx_mrd_record_id`(`record_id` ASC) USING BTREE,
  CONSTRAINT `fk_mrd_record` FOREIGN KEY (`record_id`) REFERENCES `medical_record` (`id`) ON DELETE CASCADE ON UPDATE RESTRICT
) ENGINE = InnoDB AUTO_INCREMENT = 5 CHARACTER SET = utf8mb4 COLLATE = utf8mb4_0900_ai_ci COMMENT = 'е°ұиҜҠи®°еҪ•з—…з—ҮжҳҺз»ҶиЎЁ' ROW_FORMAT = DYNAMIC;

-- ----------------------------
-- Records of medical_record_detail
-- ----------------------------
INSERT INTO `medical_record_detail` VALUES (1, 1, 'дёҠе‘јеҗёйҒ“ж„ҹжҹ“', 'еҜ№з—ҮжҠ—ж„ҹжҹ“жІ»з–—пјҢжіЁж„Ҹдј‘жҒҜдёҺиЎҘж¶І', 1, '2025-06-08 10:35:00', '2025-06-08 10:35:00');
INSERT INTO `medical_record_detail` VALUES (2, 2, 'ж…ўжҖ§иғғзӮҺ', 'жҠ‘й…ёжҠӨиғғпјҢжё…ж·ЎйҘ®йЈҹ', 1, '2025-06-08 11:05:00', '2025-06-08 11:05:00');
INSERT INTO `medical_record_detail` VALUES (3, 1, 'еҸ‘зғӯ', 'йҖҖзғӯеҸҠи§ӮеҜҹдҪ“жё©еҸҳеҢ–', 2, '2025-06-15 09:35:00', '2025-06-15 09:35:00');
INSERT INTO `medical_record_detail` VALUES (4, 2, 'иғғй»ҸиҶңеҲәжҝҖ', 'еӨҚиҜҠиҜ„дј°пјҢз»§з»ӯжҠӨиғғжІ»з–—', 2, '2025-06-15 10:05:00', '2025-06-15 10:05:00');

-- ----------------------------
-- Table structure for prescription
-- ----------------------------
DROP TABLE IF EXISTS `prescription`;
CREATE TABLE `prescription`  (
  `id` bigint(20) NOT NULL AUTO_INCREMENT COMMENT 'еӨ„ж–№ID',
  `prescription_no` varchar(20) CHARACTER SET utf8mb4 COLLATE utf8mb4_0900_ai_ci NOT NULL COMMENT 'еӨ„ж–№зј–еҸ·',
  `patient_id` bigint(20) NOT NULL COMMENT 'жӮЈиҖ…ID',
  `doctor_id` bigint(20) NOT NULL COMMENT 'еҢ»з”ҹID',
  `record_id` bigint(20) NOT NULL COMMENT 'е°ұиҜҠи®°еҪ•ID',
  `prescription_date` date NOT NULL COMMENT 'еӨ„ж–№ж—Ҙжңҹ',
  `diagnosis` varchar(200) CHARACTER SET utf8mb4 COLLATE utf8mb4_0900_ai_ci NULL DEFAULT NULL COMMENT 'иҜҠж–ӯ',
  `notes` text CHARACTER SET utf8mb4 COLLATE utf8mb4_0900_ai_ci NULL COMMENT 'еӨҮжіЁ',
  `status` tinyint(4) NULL DEFAULT 0 COMMENT 'зҠ¶жҖҒ(0:жңӘеҸ–иҚҜ,1:е·ІеҸ–иҚҜ)',
  `create_time` datetime NULL DEFAULT CURRENT_TIMESTAMP COMMENT 'еҲӣе»әж—¶й—ҙ',
  `update_time` datetime NULL DEFAULT CURRENT_TIMESTAMP ON UPDATE CURRENT_TIMESTAMP COMMENT 'жӣҙж–°ж—¶й—ҙ',
  PRIMARY KEY (`id`) USING BTREE,
  UNIQUE INDEX `uk_prescription_no`(`prescription_no` ASC) USING BTREE,
  INDEX `idx_patient_id`(`patient_id` ASC) USING BTREE,
  INDEX `idx_doctor_id`(`doctor_id` ASC) USING BTREE,
  INDEX `idx_record_id`(`record_id` ASC) USING BTREE
) ENGINE = InnoDB AUTO_INCREMENT = 7 CHARACTER SET = utf8mb4 COLLATE = utf8mb4_0900_ai_ci COMMENT = 'еӨ„ж–№иЎЁ' ROW_FORMAT = DYNAMIC;

-- ----------------------------
-- Records of prescription
-- ----------------------------
INSERT INTO `prescription` VALUES (1, 'P001', 1, 1, 1, '2025-06-08', 'жҷ®йҖҡж„ҹеҶ’', 'жҢүж—¶жңҚиҚҜ', 1, '2025-06-08 10:35:00', '2025-06-07 15:07:46');
INSERT INTO `prescription` VALUES (2, 'P002', 2, 2, 2, '2025-06-08', 'иғғзӮҺ', 'йҘӯеҗҺжңҚиҚҜ', 0, '2025-06-08 11:05:00', '2025-06-08 11:05:00');
INSERT INTO `prescription` VALUES (3, 'P003', 1, 3, 1, '2025-06-15', 'ж„ҹеҶ’еҗҺз»ӯжІ»з–—', 'з»§з»ӯжңҚиҚҜ', 0, '2025-06-15 09:35:00', '2025-06-15 09:35:00');
INSERT INTO `prescription` VALUES (4, 'P004', 2, 4, 2, '2025-06-15', 'иғғзӮҺеҗҺз»ӯжІ»з–—', 'з»§з»ӯжңҚиҚҜ', 1, '2025-06-15 10:05:00', '2025-06-07 19:43:06');
INSERT INTO `prescription` VALUES (5, 'P005', 1, 5, 1, '2025-06-20', 'ж„ҹеҶ’еҗҺз»ӯжІ»з–—', 'жңҖеҗҺдёҖж¬ЎжңҚиҚҜ', 0, '2025-06-20 09:35:00', '2025-06-20 09:35:00');
INSERT INTO `prescription` VALUES (6, 'P20250607438970', 2, 2, 2, '2025-06-07', '', '', 0, '2025-06-07 15:08:40', '2025-06-07 15:08:40');

-- ----------------------------
-- Table structure for prescription_detail
-- ----------------------------
DROP TABLE IF EXISTS `prescription_detail`;
CREATE TABLE `prescription_detail`  (
  `id` bigint(20) NOT NULL AUTO_INCREMENT COMMENT 'жҳҺз»ҶID',
  `prescription_id` bigint(20) NOT NULL COMMENT 'еӨ„ж–№ID',
  `medical_record_detail_id` bigint(20) NULL DEFAULT NULL COMMENT 'е°ұиҜҠз—…з—ҮжҳҺз»ҶID',
  `medicine_id` bigint(20) NOT NULL COMMENT 'иҚҜе“ҒID',
  `dosage` varchar(50) CHARACTER SET utf8mb4 COLLATE utf8mb4_0900_ai_ci NULL DEFAULT NULL COMMENT 'з”ЁйҮҸ',
  `frequency` varchar(50) CHARACTER SET utf8mb4 COLLATE utf8mb4_0900_ai_ci NULL DEFAULT NULL COMMENT 'йў‘ж¬Ў(дёҖж—Ҙдёүж¬Ў/жҜҸж—ҘдёҖж¬Ў)',
  `days` int(11) NULL DEFAULT NULL COMMENT 'з”ЁиҚҜеӨ©ж•°',
  `quantity` int(11) NULL DEFAULT NULL COMMENT 'ж•°йҮҸ',
  `usage` varchar(100) CHARACTER SET utf8mb4 COLLATE utf8mb4_0900_ai_ci NULL DEFAULT NULL COMMENT 'з”Ёжі•(еҸЈжңҚ/еӨ–з”Ёзӯү)',
  `notes` varchar(200) CHARACTER SET utf8mb4 COLLATE utf8mb4_0900_ai_ci NULL DEFAULT NULL COMMENT 'еӨҮжіЁ',
  `create_time` datetime NULL DEFAULT CURRENT_TIMESTAMP COMMENT 'еҲӣе»әж—¶й—ҙ',
  `update_time` datetime NULL DEFAULT CURRENT_TIMESTAMP ON UPDATE CURRENT_TIMESTAMP COMMENT 'жӣҙж–°ж—¶й—ҙ',
  PRIMARY KEY (`id`) USING BTREE,
  INDEX `idx_prescription_id`(`prescription_id` ASC) USING BTREE,
  INDEX `idx_medicine_id`(`medicine_id` ASC) USING BTREE,
  INDEX `idx_pd_mrd_id`(`medical_record_detail_id` ASC) USING BTREE,
  CONSTRAINT `fk_pd_mrd` FOREIGN KEY (`medical_record_detail_id`) REFERENCES `medical_record_detail` (`id`) ON DELETE SET NULL ON UPDATE RESTRICT
) ENGINE = InnoDB AUTO_INCREMENT = 9 CHARACTER SET = utf8mb4 COLLATE = utf8mb4_0900_ai_ci COMMENT = 'еӨ„ж–№жҳҺз»ҶиЎЁ' ROW_FORMAT = DYNAMIC;

-- ----------------------------
-- Records of prescription_detail
-- ----------------------------
INSERT INTO `prescription_detail` VALUES (1, 1, 1, 4, 'жҜҸж¬ЎдёҖиўӢ', 'дёҖж—Ҙдёүж¬Ў', 5, 15, 'еҸЈжңҚ', 'йҘӯеҗҺжё©ж°ҙеҶІжңҚ', '2025-06-08 10:35:00', '2025-06-08 10:35:00');
INSERT INTO `prescription_detail` VALUES (2, 1, 1, 8, 'жҜҸж¬ЎдёҖзүҮ', 'дёҖж—ҘдёҖж¬Ў', 5, 5, 'еҸЈжңҚ', 'ж—©йӨҗеҗҺжңҚз”Ё', '2025-06-08 10:35:00', '2025-06-08 10:35:00');
INSERT INTO `prescription_detail` VALUES (3, 2, 2, 9, 'жҜҸж¬ЎдёҖзІ’', 'дёҖж—ҘдёӨж¬Ў', 7, 14, 'еҸЈжңҚ', 'йҘӯеҗҺжңҚз”Ё', '2025-06-08 11:05:00', '2025-06-08 11:05:00');
INSERT INTO `prescription_detail` VALUES (4, 2, 2, 19, 'жҜҸж¬ЎдёҖзІ’', 'дёҖж—Ҙеӣӣж¬Ў', 7, 28, 'еҸЈжңҚ', 'йҘӯеҗҺжңҚз”Ё', '2025-06-08 11:05:00', '2025-06-08 11:05:00');
INSERT INTO `prescription_detail` VALUES (5, 3, 3, 16, 'жҜҸж¬ЎдёҖиўӢ', 'дёҖж—Ҙдёүж¬Ў', 5, 15, 'еҸЈжңҚ', 'йҘӯеҗҺжё©ж°ҙеҶІжңҚ', '2025-06-15 09:35:00', '2025-06-15 09:35:00');
INSERT INTO `prescription_detail` VALUES (6, 4, 4, 36, 'жҜҸж¬ЎдёҖзІ’', 'дёҖж—ҘдёҖж¬Ў', 14, 14, 'еҸЈжңҚ', 'ж—©йӨҗеҗҺжңҚз”Ё', '2025-06-15 10:05:00', '2025-06-15 10:05:00');
INSERT INTO `prescription_detail` VALUES (7, 5, 3, 21, 'жҜҸж¬ЎдёӨзүҮ', 'дёҖж—Ҙдёүж¬Ў', 5, 30, 'еҸЈжңҚ', 'йҘӯеҗҺжңҚз”Ё', '2025-06-20 09:35:00', '2025-06-20 09:35:00');
INSERT INTO `prescription_detail` VALUES (8, 6, NULL, 5, '2', 'дёҖж—Ҙдёүж¬Ў', 7, 1, 'еҸЈжңҚ', NULL, '2025-06-07 15:08:40', '2025-06-07 15:08:40');

-- ----------------------------
-- Table structure for schedule
-- ----------------------------
DROP TABLE IF EXISTS `schedule`;
CREATE TABLE `schedule`  (
  `id` bigint(20) NOT NULL AUTO_INCREMENT COMMENT 'жҺ’зҸӯID',
  `doctor_id` bigint(20) NOT NULL COMMENT 'еҢ»з”ҹID',
  `schedule_date` date NOT NULL COMMENT 'жҺ’зҸӯж—Ҙжңҹ',
  `time_slot` varchar(20) CHARACTER SET utf8mb4 COLLATE utf8mb4_0900_ai_ci NOT NULL COMMENT 'ж—¶й—ҙж®ө(дёҠеҚҲ/дёӢеҚҲ/жҷҡдёҠ)',
  `max_patients` int(11) NULL DEFAULT 0 COMMENT 'жңҖеӨ§жҺҘиҜҠдәәж•°',
  `current_patients` int(11) NULL DEFAULT 0 COMMENT 'еҪ“еүҚйў„зәҰдәәж•°',
  `status` tinyint(4) NULL DEFAULT 1 COMMENT 'зҠ¶жҖҒ(0:еҒңиҜҠ,1:жӯЈеёё)',
  `create_time` datetime NULL DEFAULT CURRENT_TIMESTAMP COMMENT 'еҲӣе»әж—¶й—ҙ',
  `update_time` datetime NULL DEFAULT CURRENT_TIMESTAMP ON UPDATE CURRENT_TIMESTAMP COMMENT 'жӣҙж–°ж—¶й—ҙ',
  PRIMARY KEY (`id`) USING BTREE,
  INDEX `idx_doctor_id`(`doctor_id` ASC) USING BTREE,
  INDEX `idx_schedule_date`(`schedule_date` ASC) USING BTREE
) ENGINE = InnoDB AUTO_INCREMENT = 37 CHARACTER SET = utf8mb4 COLLATE = utf8mb4_0900_ai_ci COMMENT = 'жҺ’зҸӯиЎЁ' ROW_FORMAT = DYNAMIC;

-- ----------------------------
-- Records of schedule
-- ----------------------------
INSERT INTO `schedule` VALUES (1, 1, '2025-06-08', 'дёҠеҚҲ', 20, 0, 1, '2025-05-14 10:50:00', '2025-05-14 10:50:00');
INSERT INTO `schedule` VALUES (2, 1, '2025-06-08', 'дёӢеҚҲ', 20, 0, 1, '2025-05-14 10:51:00', '2025-05-14 10:51:00');
INSERT INTO `schedule` VALUES (3, 2, '2025-06-08', 'дёҠеҚҲ', 15, 0, 1, '2025-05-14 10:52:00', '2025-05-14 10:52:00');
INSERT INTO `schedule` VALUES (4, 2, '2025-06-08', 'дёӢеҚҲ', 15, 0, 1, '2025-05-14 10:53:00', '2025-05-14 10:53:00');
INSERT INTO `schedule` VALUES (5, 3, '2025-06-08', 'дёҠеҚҲ', 18, 0, 1, '2025-05-14 10:54:00', '2025-05-14 10:54:00');
INSERT INTO `schedule` VALUES (6, 3, '2025-06-08', 'дёӢеҚҲ', 18, 0, 1, '2025-05-14 10:55:00', '2025-05-14 10:55:00');
INSERT INTO `schedule` VALUES (7, 4, '2025-06-08', 'дёҠеҚҲ', 16, 0, 1, '2025-05-14 10:56:00', '2025-05-14 10:56:00');
INSERT INTO `schedule` VALUES (8, 4, '2025-06-08', 'дёӢеҚҲ', 16, 0, 1, '2025-05-14 10:57:00', '2025-05-14 10:57:00');
INSERT INTO `schedule` VALUES (9, 5, '2025-06-08', 'дёҠеҚҲ', 20, 0, 1, '2025-05-14 10:58:00', '2025-05-14 10:58:00');
INSERT INTO `schedule` VALUES (10, 5, '2025-06-08', 'дёӢеҚҲ', 20, 0, 1, '2025-05-14 10:59:00', '2025-05-14 10:59:00');
INSERT INTO `schedule` VALUES (11, 1, '2025-06-09', 'дёҠеҚҲ', 20, 0, 1, '2025-05-14 11:00:00', '2025-05-14 11:00:00');
INSERT INTO `schedule` VALUES (12, 1, '2025-06-09', 'дёӢеҚҲ', 20, 0, 1, '2025-05-14 11:01:00', '2025-05-14 11:01:00');
INSERT INTO `schedule` VALUES (13, 6, '2025-06-09', 'дёҠеҚҲ', 15, 0, 1, '2025-05-14 11:02:00', '2025-05-14 11:02:00');
INSERT INTO `schedule` VALUES (14, 6, '2025-06-09', 'дёӢеҚҲ', 15, 0, 1, '2025-05-14 11:03:00', '2025-05-14 11:03:00');
INSERT INTO `schedule` VALUES (15, 7, '2025-06-09', 'дёҠеҚҲ', 18, 0, 1, '2025-05-14 11:04:00', '2025-05-14 11:04:00');
INSERT INTO `schedule` VALUES (16, 7, '2025-06-09', 'дёӢеҚҲ', 18, 0, 1, '2025-05-14 11:05:00', '2025-05-14 11:05:00');
INSERT INTO `schedule` VALUES (17, 8, '2025-06-09', 'дёҠеҚҲ', 16, 0, 1, '2025-05-14 11:06:00', '2025-05-14 11:06:00');
INSERT INTO `schedule` VALUES (18, 8, '2025-06-09', 'дёӢеҚҲ', 16, 0, 1, '2025-05-14 11:07:00', '2025-05-14 11:07:00');
INSERT INTO `schedule` VALUES (19, 9, '2025-06-09', 'дёҠеҚҲ', 20, 1, 1, '2025-05-14 11:08:00', '2025-06-07 16:03:06');
INSERT INTO `schedule` VALUES (20, 9, '2025-06-09', 'дёӢеҚҲ', 20, 0, 1, '2025-05-14 11:09:00', '2025-05-14 11:09:00');
INSERT INTO `schedule` VALUES (21, 10, '2025-06-10', 'дёҠеҚҲ', 20, 0, 1, '2025-05-14 11:10:00', '2025-05-14 11:10:00');
INSERT INTO `schedule` VALUES (22, 10, '2025-06-10', 'дёӢеҚҲ', 20, 0, 1, '2025-05-14 11:11:00', '2025-05-14 11:11:00');
INSERT INTO `schedule` VALUES (23, 11, '2025-06-10', 'дёҠеҚҲ', 15, 0, 1, '2025-05-14 11:12:00', '2025-05-14 11:12:00');
INSERT INTO `schedule` VALUES (24, 11, '2025-06-10', 'дёӢеҚҲ', 15, 0, 1, '2025-05-14 11:13:00', '2025-05-14 11:13:00');
INSERT INTO `schedule` VALUES (25, 12, '2025-06-10', 'дёҠеҚҲ', 18, 1, 1, '2025-05-14 11:14:00', '2025-06-07 19:42:03');
INSERT INTO `schedule` VALUES (26, 12, '2025-06-10', 'дёӢеҚҲ', 18, 0, 1, '2025-05-14 11:15:00', '2025-05-14 11:15:00');
INSERT INTO `schedule` VALUES (27, 13, '2025-06-10', 'дёҠеҚҲ', 16, 0, 1, '2025-05-14 11:16:00', '2025-05-14 11:16:00');
INSERT INTO `schedule` VALUES (28, 13, '2025-06-10', 'дёӢеҚҲ', 16, 0, 1, '2025-05-14 11:17:00', '2025-05-14 11:17:00');
INSERT INTO `schedule` VALUES (29, 14, '2025-06-10', 'дёҠеҚҲ', 20, 0, 1, '2025-05-14 11:18:00', '2025-05-14 11:18:00');
INSERT INTO `schedule` VALUES (30, 14, '2025-06-10', 'дёӢеҚҲ', 20, 0, 1, '2025-05-14 11:19:00', '2025-05-14 11:19:00');
INSERT INTO `schedule` VALUES (31, 15, '2025-06-11', 'дёҠеҚҲ', 20, 0, 1, '2025-05-14 11:20:00', '2025-05-14 11:20:00');
INSERT INTO `schedule` VALUES (32, 15, '2025-06-11', 'дёӢеҚҲ', 20, 0, 1, '2025-05-14 11:21:00', '2025-05-14 11:21:00');
INSERT INTO `schedule` VALUES (33, 16, '2025-06-11', 'дёҠеҚҲ', 15, 0, 1, '2025-05-14 11:22:00', '2025-05-14 11:22:00');
INSERT INTO `schedule` VALUES (34, 16, '2025-06-11', 'дёӢеҚҲ', 15, 0, 1, '2025-05-14 11:23:00', '2025-05-14 11:23:00');
INSERT INTO `schedule` VALUES (35, 17, '2025-06-11', 'дёҠеҚҲ', 18, 0, 1, '2025-05-14 11:24:00', '2025-05-14 11:24:00');
INSERT INTO `schedule` VALUES (36, 17, '2025-06-11', 'дёӢеҚҲ', 18, 0, 1, '2025-05-14 11:25:00', '2025-05-14 11:25:00');

-- ----------------------------
-- Table structure for user
-- ----------------------------
DROP TABLE IF EXISTS `user`;
CREATE TABLE `user`  (
  `id` bigint(20) NOT NULL AUTO_INCREMENT COMMENT 'з”ЁжҲ·ID',
  `username` varchar(50) CHARACTER SET utf8mb4 COLLATE utf8mb4_0900_ai_ci NOT NULL COMMENT 'з”ЁжҲ·еҗҚ',
  `password` varchar(100) CHARACTER SET utf8mb4 COLLATE utf8mb4_0900_ai_ci NOT NULL COMMENT 'еҜҶз Ғ(еҠ еҜҶеӯҳеӮЁ)',
  `name` varchar(50) CHARACTER SET utf8mb4 COLLATE utf8mb4_0900_ai_ci NULL DEFAULT NULL COMMENT 'зңҹе®һе§“еҗҚ',
  `avatar` varchar(200) CHARACTER SET utf8mb4 COLLATE utf8mb4_0900_ai_ci NULL DEFAULT NULL COMMENT 'еӨҙеғҸең°еқҖ',
  `sex` varchar(10) CHARACTER SET utf8mb4 COLLATE utf8mb4_0900_ai_ci NULL DEFAULT NULL COMMENT 'жҖ§еҲ«',
  `phone` varchar(20) CHARACTER SET utf8mb4 COLLATE utf8mb4_0900_ai_ci NULL DEFAULT NULL COMMENT 'жүӢжңәеҸ·',
  `email` varchar(100) CHARACTER SET utf8mb4 COLLATE utf8mb4_0900_ai_ci NULL DEFAULT NULL COMMENT 'йӮ®з®ұ',
  `role_code` varchar(20) CHARACTER SET utf8mb4 COLLATE utf8mb4_0900_ai_ci NULL DEFAULT NULL COMMENT 'и§’иүІд»Јз Ғ',
  `status` tinyint(4) NULL DEFAULT 1 COMMENT 'зҠ¶жҖҒ(0:зҰҒз”Ё,1:еҗҜз”Ё)',
  `create_time` datetime NULL DEFAULT CURRENT_TIMESTAMP COMMENT 'еҲӣе»әж—¶й—ҙ',
  `update_time` datetime NULL DEFAULT CURRENT_TIMESTAMP ON UPDATE CURRENT_TIMESTAMP COMMENT 'жӣҙж–°ж—¶й—ҙ',
  PRIMARY KEY (`id`) USING BTREE,
  UNIQUE INDEX `uk_username`(`username` ASC) USING BTREE
) ENGINE = InnoDB AUTO_INCREMENT = 58 CHARACTER SET = utf8mb4 COLLATE = utf8mb4_0900_ai_ci COMMENT = 'з”ЁжҲ·иЎЁ' ROW_FORMAT = DYNAMIC;

-- ----------------------------
-- Records of user
-- ----------------------------
INSERT INTO `user` VALUES (1, 'admin', '$2a$10$Cc6gX7Jel5UtKreBdrY8SeRiqwqEuccdySNafjQRMtz30KE92sPaS', 'зі»з»ҹз®ЎзҗҶе‘ҳ', '/img/default_avatar.png', 'з”·', '13800138000', 'admin@hospital.com', 'ADMIN', 1, '2025-05-14 10:00:00', '2025-05-14 10:00:00');
INSERT INTO `user` VALUES (2, 'doctor1', '$2a$10$iul6jocLsH.A4gN1QUpgDexDq6KO89syHjUkRD3NbA1L6CTVrNRMO', 'еј еҢ»з”ҹ', '/img/1749285629955.jpg', 'з”·', '13811111111', 'doctor1@hospital.com', 'DOCTOR', 1, '2025-05-14 10:01:00', '2025-06-29 20:12:41');
INSERT INTO `user` VALUES (3, 'doctor2', '$2a$10$iul6jocLsH.A4gN1QUpgDexDq6KO89syHjUkRD3NbA1L6CTVrNRMO', 'жқҺеҢ»з”ҹ', '/img/1749285629955.jpg', 'еҘі', '13822222222', 'doctor2@hospital.com', 'DOCTOR', 1, '2025-05-14 10:02:00', '2025-06-29 20:12:44');
INSERT INTO `user` VALUES (4, 'staff1', '$2a$10$iul6jocLsH.A4gN1QUpgDexDq6KO89syHjUkRD3NbA1L6CTVrNRMO', 'й—ЁиҜҠеҢ»з”ҹ', '/img/default_avatar.png', 'еҘі', '13833333333', 'staff1@hospital.com', 'DOCTOR', 1, '2025-05-14 10:03:00', '2025-05-14 10:03:00');
INSERT INTO `user` VALUES (5, 'patient1', '$2a$10$iul6jocLsH.A4gN1QUpgDexDq6KO89syHjUkRD3NbA1L6CTVrNRMO', 'иөөжӮЈиҖ…', '/img/patient1.jpg', 'з”·', '13844444444', 'patient1@example.com', 'PATIENT', 1, '2025-05-14 10:04:00', '2025-05-14 10:04:00');
INSERT INTO `user` VALUES (6, 'patient2', '$2a$10$iul6jocLsH.A4gN1QUpgDexDq6KO89syHjUkRD3NbA1L6CTVrNRMO', 'й’ұжӮЈиҖ…', '/img/1749294438197.jpg', 'еҘі', '13855555555', 'patient2@example.com', 'PATIENT', 1, '2025-05-14 10:05:00', '2025-06-07 19:07:18');
INSERT INTO `user` VALUES (7, 'doctor3', '$2a$10$iul6jocLsH.A4gN1QUpgDexDq6KO89syHjUkRD3NbA1L6CTVrNRMO', 'еҲҳеҢ»з”ҹ', '/img/1751198696770.jpeg', 'з”·', '13866666666', 'doctor3@hospital.com', 'DOCTOR', 1, '2025-05-14 10:06:00', '2025-06-29 20:17:06');
INSERT INTO `user` VALUES (8, 'doctor4', '$2a$10$iul6jocLsH.A4gN1QUpgDexDq6KO89syHjUkRD3NbA1L6CTVrNRMO', 'еӯҷеҢ»з”ҹ', '/img/1751198696770.jpeg', 'еҘі', '13877777777', 'doctor4@hospital.com', 'DOCTOR', 1, '2025-05-14 10:07:00', '2025-06-29 20:17:21');
INSERT INTO `user` VALUES (9, 'doctor5', '$2a$10$iul6jocLsH.A4gN1QUpgDexDq6KO89syHjUkRD3NbA1L6CTVrNRMO', 'е‘ЁеҢ»з”ҹ', '/img/1751198696770.jpeg', 'з”·', '13888888888', 'doctor5@hospital.com', 'DOCTOR', 1, '2025-05-14 10:08:00', '2025-06-29 20:17:21');
INSERT INTO `user` VALUES (10, 'doctor6', '$2a$10$iul6jocLsH.A4gN1QUpgDexDq6KO89syHjUkRD3NbA1L6CTVrNRMO', 'еҗҙеҢ»з”ҹ', '/img/1751198696770.jpeg', 'еҘі', '13899999999', 'doctor6@hospital.com', 'DOCTOR', 1, '2025-05-14 10:09:00', '2025-06-29 20:17:21');
INSERT INTO `user` VALUES (11, 'doctor7', '$2a$10$iul6jocLsH.A4gN1QUpgDexDq6KO89syHjUkRD3NbA1L6CTVrNRMO', 'йғ‘еҢ»з”ҹ', '/img/1751198696770.jpeg', 'з”·', '13900000001', 'doctor7@hospital.com', 'DOCTOR', 1, '2025-05-14 10:10:00', '2025-06-29 20:17:21');
INSERT INTO `user` VALUES (12, 'doctor8', '$2a$10$iul6jocLsH.A4gN1QUpgDexDq6KO89syHjUkRD3NbA1L6CTVrNRMO', 'зҺӢеҢ»з”ҹ', '/img/1751198696770.jpeg', 'еҘі', '13900000002', 'doctor8@hospital.com', 'DOCTOR', 1, '2025-05-14 10:11:00', '2025-06-29 20:17:21');
INSERT INTO `user` VALUES (13, 'doctor9', '$2a$10$iul6jocLsH.A4gN1QUpgDexDq6KO89syHjUkRD3NbA1L6CTVrNRMO', 'еҶҜеҢ»з”ҹ', '/img/1751198696770.jpeg', 'з”·', '13900000003', 'doctor9@hospital.com', 'DOCTOR', 1, '2025-05-14 10:12:00', '2025-06-29 20:17:21');
INSERT INTO `user` VALUES (14, 'doctor10', '$2a$10$iul6jocLsH.A4gN1QUpgDexDq6KO89syHjUkRD3NbA1L6CTVrNRMO', 'йҷҲеҢ»з”ҹ', '/img/1751198696770.jpeg', 'еҘі', '13900000004', 'doctor10@hospital.com', 'DOCTOR', 1, '2025-05-14 10:13:00', '2025-06-29 20:17:21');
INSERT INTO `user` VALUES (15, 'doctor11', '$2a$10$iul6jocLsH.A4gN1QUpgDexDq6KO89syHjUkRD3NbA1L6CTVrNRMO', 'иӨҡеҢ»з”ҹ', '/img/1751198696770.jpeg', 'з”·', '13900000005', 'doctor11@hospital.com', 'DOCTOR', 1, '2025-05-14 10:14:00', '2025-06-29 20:17:21');
INSERT INTO `user` VALUES (16, 'doctor12', '$2a$10$iul6jocLsH.A4gN1QUpgDexDq6KO89syHjUkRD3NbA1L6CTVrNRMO', 'йӯҸеҢ»з”ҹ', '/img/1751198696770.jpeg', 'еҘі', '13900000006', 'doctor12@hospital.com', 'DOCTOR', 1, '2025-05-14 10:15:00', '2025-06-29 20:17:21');
INSERT INTO `user` VALUES (17, 'doctor13', '$2a$10$iul6jocLsH.A4gN1QUpgDexDq6KO89syHjUkRD3NbA1L6CTVrNRMO', 'и’ӢеҢ»з”ҹ', '/img/1751198696770.jpeg', 'з”·', '13900000007', 'doctor13@hospital.com', 'DOCTOR', 1, '2025-05-14 10:16:00', '2025-06-29 20:17:21');
INSERT INTO `user` VALUES (18, 'doctor14', '$2a$10$iul6jocLsH.A4gN1QUpgDexDq6KO89syHjUkRD3NbA1L6CTVrNRMO', 'жІҲеҢ»з”ҹ', '/img/1751198696770.jpeg', 'еҘі', '13900000008', 'doctor14@hospital.com', 'DOCTOR', 1, '2025-05-14 10:17:00', '2025-06-29 20:17:21');
INSERT INTO `user` VALUES (19, 'doctor15', '$2a$10$iul6jocLsH.A4gN1QUpgDexDq6KO89syHjUkRD3NbA1L6CTVrNRMO', 'йҹ©еҢ»з”ҹ', '/img/1751198696770.jpeg', 'з”·', '13900000009', 'doctor15@hospital.com', 'DOCTOR', 1, '2025-05-14 10:18:00', '2025-06-29 20:17:21');
INSERT INTO `user` VALUES (20, 'doctor16', '$2a$10$iul6jocLsH.A4gN1QUpgDexDq6KO89syHjUkRD3NbA1L6CTVrNRMO', 'жқЁеҢ»з”ҹ', '/img/1751198696770.jpeg', 'еҘі', '13900000010', 'doctor16@hospital.com', 'DOCTOR', 1, '2025-05-14 10:19:00', '2025-06-29 20:17:21');
INSERT INTO `user` VALUES (21, 'doctor17', '$2a$10$iul6jocLsH.A4gN1QUpgDexDq6KO89syHjUkRD3NbA1L6CTVrNRMO', 'жңұеҢ»з”ҹ', '/img/1751198696770.jpeg', 'з”·', '13900000011', 'doctor17@hospital.com', 'DOCTOR', 1, '2025-05-14 10:20:00', '2025-06-29 20:17:26');
INSERT INTO `user` VALUES (22, 'doctor18', '$2a$10$iul6jocLsH.A4gN1QUpgDexDq6KO89syHjUkRD3NbA1L6CTVrNRMO', 'з§ҰеҢ»з”ҹ', '/img/1751198696770.jpeg', 'еҘі', '13900000012', 'doctor18@hospital.com', 'DOCTOR', 1, '2025-05-14 10:21:00', '2025-06-29 20:17:26');
INSERT INTO `user` VALUES (23, 'doctor19', '$2a$10$iul6jocLsH.A4gN1QUpgDexDq6KO89syHjUkRD3NbA1L6CTVrNRMO', 'е°ӨеҢ»з”ҹ', '/img/1751198696770.jpeg', 'з”·', '13900000013', 'doctor19@hospital.com', 'DOCTOR', 1, '2025-05-14 10:22:00', '2025-06-29 20:17:26');
INSERT INTO `user` VALUES (24, 'doctor20', '$2a$10$iul6jocLsH.A4gN1QUpgDexDq6KO89syHjUkRD3NbA1L6CTVrNRMO', 'и®ёеҢ»з”ҹ', '/img/1751198696770.jpeg', 'еҘі', '13900000014', 'doctor20@hospital.com', 'DOCTOR', 1, '2025-05-14 10:23:00', '2025-06-29 20:17:26');
INSERT INTO `user` VALUES (25, 'doctor21', '$2a$10$iul6jocLsH.A4gN1QUpgDexDq6KO89syHjUkRD3NbA1L6CTVrNRMO', 'дҪ•еҢ»з”ҹ', '/img/1751198696770.jpeg', 'з”·', '13900000015', 'doctor21@hospital.com', 'DOCTOR', 1, '2025-05-14 10:24:00', '2025-06-29 20:17:26');
INSERT INTO `user` VALUES (26, 'doctor22', '$2a$10$iul6jocLsH.A4gN1QUpgDexDq6KO89syHjUkRD3NbA1L6CTVrNRMO', 'еҗ•еҢ»з”ҹ', '/img/1751198696770.jpeg', 'еҘі', '13900000016', 'doctor22@hospital.com', 'DOCTOR', 1, '2025-05-14 10:25:00', '2025-06-29 20:17:26');
INSERT INTO `user` VALUES (27, 'doctor23', '$2a$10$iul6jocLsH.A4gN1QUpgDexDq6KO89syHjUkRD3NbA1L6CTVrNRMO', 'ж–ҪеҢ»з”ҹ', '/img/1751198696770.jpeg', 'з”·', '13900000017', 'doctor23@hospital.com', 'DOCTOR', 1, '2025-05-14 10:26:00', '2025-06-29 20:17:26');
INSERT INTO `user` VALUES (28, 'doctor24', '$2a$10$iul6jocLsH.A4gN1QUpgDexDq6KO89syHjUkRD3NbA1L6CTVrNRMO', 'еј еҢ»з”ҹ', '/img/1751198696770.jpeg', 'еҘі', '13900000018', 'doctor24@hospital.com', 'DOCTOR', 1, '2025-05-14 10:27:00', '2025-06-29 20:17:26');
INSERT INTO `user` VALUES (29, 'doctor25', '$2a$10$iul6jocLsH.A4gN1QUpgDexDq6KO89syHjUkRD3NbA1L6CTVrNRMO', 'еӯ”еҢ»з”ҹ', '/img/1751198696770.jpeg', 'з”·', '13900000019', 'doctor25@hospital.com', 'DOCTOR', 1, '2025-05-14 10:28:00', '2025-06-29 20:17:26');
INSERT INTO `user` VALUES (30, 'doctor26', '$2a$10$iul6jocLsH.A4gN1QUpgDexDq6KO89syHjUkRD3NbA1L6CTVrNRMO', 'жӣ№еҢ»з”ҹ', '/img/1751198696770.jpeg', 'еҘі', '13900000020', 'doctor26@hospital.com', 'DOCTOR', 1, '2025-05-14 10:29:00', '2025-06-29 20:17:26');
INSERT INTO `user` VALUES (31, 'doctor27', '$2a$10$iul6jocLsH.A4gN1QUpgDexDq6KO89syHjUkRD3NbA1L6CTVrNRMO', 'дёҘеҢ»з”ҹ', '/img/1751198696770.jpeg', 'з”·', '13900000021', 'doctor27@hospital.com', 'DOCTOR', 1, '2025-05-14 10:30:00', '2025-06-29 20:17:26');
INSERT INTO `user` VALUES (32, 'doctor28', '$2a$10$iul6jocLsH.A4gN1QUpgDexDq6KO89syHjUkRD3NbA1L6CTVrNRMO', 'еҚҺеҢ»з”ҹ', '/img/1751198696770.jpeg', 'еҘі', '13900000022', 'doctor28@hospital.com', 'DOCTOR', 1, '2025-05-14 10:31:00', '2025-06-29 20:17:26');
INSERT INTO `user` VALUES (33, 'doctor29', '$2a$10$iul6jocLsH.A4gN1QUpgDexDq6KO89syHjUkRD3NbA1L6CTVrNRMO', 'йҮ‘еҢ»з”ҹ', '/img/1751198696770.jpeg', 'з”·', '13900000023', 'doctor29@hospital.com', 'DOCTOR', 1, '2025-05-14 10:32:00', '2025-06-29 20:17:26');
INSERT INTO `user` VALUES (34, 'doctor30', '$2a$10$iul6jocLsH.A4gN1QUpgDexDq6KO89syHjUkRD3NbA1L6CTVrNRMO', 'йӯҸеҢ»з”ҹ', '/img/1751198696770.jpeg', 'еҘі', '13900000024', 'doctor30@hospital.com', 'DOCTOR', 1, '2025-05-14 10:33:00', '2025-06-29 20:17:32');
INSERT INTO `user` VALUES (35, 'doctor31', '$2a$10$iul6jocLsH.A4gN1QUpgDexDq6KO89syHjUkRD3NbA1L6CTVrNRMO', 'йҷ¶еҢ»з”ҹ', '/img/1751198696770.jpeg', 'з”·', '13900000025', 'doctor31@hospital.com', 'DOCTOR', 1, '2025-05-14 10:34:00', '2025-06-29 20:17:32');
INSERT INTO `user` VALUES (36, 'doctor32', '$2a$10$iul6jocLsH.A4gN1QUpgDexDq6KO89syHjUkRD3NbA1L6CTVrNRMO', 'е§ңеҢ»з”ҹ', '/img/1751198696770.jpeg', 'еҘі', '13900000026', 'doctor32@hospital.com', 'DOCTOR', 1, '2025-05-14 10:35:00', '2025-06-29 20:17:32');
INSERT INTO `user` VALUES (37, 'doctor33', '$2a$10$iul6jocLsH.A4gN1QUpgDexDq6KO89syHjUkRD3NbA1L6CTVrNRMO', 'жҲҡеҢ»з”ҹ', '/img/1751198696770.jpeg', 'з”·', '13900000027', 'doctor33@hospital.com', 'DOCTOR', 1, '2025-05-14 10:36:00', '2025-06-29 20:17:32');
INSERT INTO `user` VALUES (38, 'doctor34', '$2a$10$iul6jocLsH.A4gN1QUpgDexDq6KO89syHjUkRD3NbA1L6CTVrNRMO', 'и°ўеҢ»з”ҹ', '/img/1751198696770.jpeg', 'еҘі', '13900000028', 'doctor34@hospital.com', 'DOCTOR', 1, '2025-05-14 10:37:00', '2025-06-29 20:17:32');
INSERT INTO `user` VALUES (39, 'doctor35', '$2a$10$iul6jocLsH.A4gN1QUpgDexDq6KO89syHjUkRD3NbA1L6CTVrNRMO', 'йӮ№еҢ»з”ҹ', '/img/1751198696770.jpeg', 'з”·', '13900000029', 'doctor35@hospital.com', 'DOCTOR', 1, '2025-05-14 10:38:00', '2025-06-29 20:17:32');
INSERT INTO `user` VALUES (40, 'doctor36', '$2a$10$iul6jocLsH.A4gN1QUpgDexDq6KO89syHjUkRD3NbA1L6CTVrNRMO', 'е–»еҢ»з”ҹ', '/img/1751198696770.jpeg', 'еҘі', '13900000030', 'doctor36@hospital.com', 'DOCTOR', 1, '2025-05-14 10:39:00', '2025-06-29 20:17:32');
INSERT INTO `user` VALUES (41, 'doctor37', '$2a$10$iul6jocLsH.A4gN1QUpgDexDq6KO89syHjUkRD3NbA1L6CTVrNRMO', 'жҹҸеҢ»з”ҹ', '/img/1751198696770.jpeg', 'з”·', '13900000031', 'doctor37@hospital.com', 'DOCTOR', 1, '2025-05-14 10:40:00', '2025-06-29 20:17:32');
INSERT INTO `user` VALUES (42, 'doctor38', '$2a$10$iul6jocLsH.A4gN1QUpgDexDq6KO89syHjUkRD3NbA1L6CTVrNRMO', 'ж°ҙеҢ»з”ҹ', '/img/1751198696770.jpeg', 'еҘі', '13900000032', 'doctor38@hospital.com', 'DOCTOR', 1, '2025-05-14 10:41:00', '2025-06-29 20:17:32');
INSERT INTO `user` VALUES (43, 'doctor39', '$2a$10$iul6jocLsH.A4gN1QUpgDexDq6KO89syHjUkRD3NbA1L6CTVrNRMO', 'зӘҰеҢ»з”ҹ', '/img/1751198696770.jpeg', 'з”·', '13900000033', 'doctor39@hospital.com', 'DOCTOR', 1, '2025-05-14 10:42:00', '2025-06-29 20:17:32');
INSERT INTO `user` VALUES (44, 'doctor40', '$2a$10$iul6jocLsH.A4gN1QUpgDexDq6KO89syHjUkRD3NbA1L6CTVrNRMO', 'з« еҢ»з”ҹ', '/img/1751198696770.jpeg', 'еҘі', '13900000034', 'doctor40@hospital.com', 'DOCTOR', 1, '2025-05-14 10:43:00', '2025-06-29 20:17:32');
INSERT INTO `user` VALUES (45, 'doctor41', '$2a$10$iul6jocLsH.A4gN1QUpgDexDq6KO89syHjUkRD3NbA1L6CTVrNRMO', 'дә‘еҢ»з”ҹ', '/img/1751198696770.jpeg', 'з”·', '13900000035', 'doctor41@hospital.com', 'DOCTOR', 1, '2025-05-14 10:44:00', '2025-06-29 20:17:32');
INSERT INTO `user` VALUES (46, 'doctor42', '$2a$10$iul6jocLsH.A4gN1QUpgDexDq6KO89syHjUkRD3NbA1L6CTVrNRMO', 'иӢҸеҢ»з”ҹ', '/img/1751198696770.jpeg', 'еҘі', '13900000036', 'doctor42@hospital.com', 'DOCTOR', 1, '2025-05-14 10:45:00', '2025-06-29 20:17:32');
INSERT INTO `user` VALUES (47, 'doctor43', '$2a$10$iul6jocLsH.A4gN1QUpgDexDq6KO89syHjUkRD3NbA1L6CTVrNRMO', 'жҪҳеҢ»з”ҹ', '/img/1751198696770.jpeg', 'з”·', '13900000037', 'doctor43@hospital.com', 'DOCTOR', 1, '2025-05-14 10:46:00', '2025-06-29 20:17:32');
INSERT INTO `user` VALUES (48, 'doctor44', '$2a$10$iul6jocLsH.A4gN1QUpgDexDq6KO89syHjUkRD3NbA1L6CTVrNRMO', 'и‘ӣеҢ»з”ҹ', '/img/1751198696770.jpeg', 'еҘі', '13900000038', 'doctor44@hospital.com', 'DOCTOR', 1, '2025-05-14 10:47:00', '2025-06-29 20:17:32');
INSERT INTO `user` VALUES (49, 'doctor45', '$2a$10$iul6jocLsH.A4gN1QUpgDexDq6KO89syHjUkRD3NbA1L6CTVrNRMO', 'еҘҡеҢ»з”ҹ', '/img/1751198696770.jpeg', 'з”·', '13900000039', 'doctor45@hospital.com', 'DOCTOR', 1, '2025-05-14 10:48:00', '2025-06-29 20:17:32');
INSERT INTO `user` VALUES (50, 'doctor46', '$2a$10$iul6jocLsH.A4gN1QUpgDexDq6KO89syHjUkRD3NbA1L6CTVrNRMO', 'иҢғеҢ»з”ҹ', '/img/1751198696770.jpeg', 'еҘі', '13900000040', 'doctor46@hospital.com', 'DOCTOR', 1, '2025-05-14 10:49:00', '2025-06-29 20:17:32');
INSERT INTO `user` VALUES (51, 'doctor47', '$2a$10$iul6jocLsH.A4gN1QUpgDexDq6KO89syHjUkRD3NbA1L6CTVrNRMO', 'еҪӯеҢ»з”ҹ', '/img/1751198696770.jpeg', 'з”·', '13900000041', 'doctor47@hospital.com', 'DOCTOR', 1, '2025-05-14 10:50:00', '2025-06-29 20:17:32');
INSERT INTO `user` VALUES (52, 'doctor48', '$2a$10$iul6jocLsH.A4gN1QUpgDexDq6KO89syHjUkRD3NbA1L6CTVrNRMO', 'йғҺеҢ»з”ҹ', '/img/1751198696770.jpeg', 'еҘі', '13900000042', 'doctor48@hospital.com', 'DOCTOR', 1, '2025-05-14 10:51:00', '2025-06-29 20:17:32');
INSERT INTO `user` VALUES (53, 'doctor49', '$2a$10$iul6jocLsH.A4gN1QUpgDexDq6KO89syHjUkRD3NbA1L6CTVrNRMO', 'йІҒеҢ»з”ҹ', '/img/1751198696770.jpeg', 'з”·', '13900000043', 'doctor49@hospital.com', 'DOCTOR', 1, '2025-05-14 10:52:00', '2025-06-29 20:17:32');
INSERT INTO `user` VALUES (54, 'doctor50', '$2a$10$iul6jocLsH.A4gN1QUpgDexDq6KO89syHjUkRD3NbA1L6CTVrNRMO', 'йҹҰеҢ»з”ҹ', '/img/1751198696770.jpeg', 'еҘі', '13900000044', 'doctor50@hospital.com', 'DOCTOR', 1, '2025-05-14 10:53:00', '2025-06-29 20:17:32');
INSERT INTO `user` VALUES (55, 'doctor51', '$2a$10$iul6jocLsH.A4gN1QUpgDexDq6KO89syHjUkRD3NbA1L6CTVrNRMO', 'жҳҢеҢ»з”ҹ', '/img/1751198696770.jpeg', 'з”·', '13900000045', 'doctor51@hospital.com', 'DOCTOR', 1, '2025-05-14 10:54:00', '2025-06-29 20:17:40');
INSERT INTO `user` VALUES (56, 'doctor52', '$2a$10$iul6jocLsH.A4gN1QUpgDexDq6KO89syHjUkRD3NbA1L6CTVrNRMO', 'й©¬еҢ»з”ҹ', '/img/1751198696770.jpeg', 'еҘі', '13900000046', 'doctor52@hospital.com', 'DOCTOR', 1, '2025-05-14 10:55:00', '2025-06-29 20:17:40');
INSERT INTO `user` VALUES (57, 'test', '$2a$10$Qkntw.nhOA2DMPujX8SF0.DcnCr7V7ijtQEXKzmOvifhlyUevyMkm', 'test', '/img/1751198696770.jpeg', 'еҘі', '13456789987', '11111@qq.com', 'PATIENT', 1, '2025-06-07 15:26:46', '2025-06-29 20:17:40');
INSERT INTO `user` VALUES (58, 'pharmacy_admin', '$2a$10$krj3WlCs/S0WGfv3E8Q2meqfC0sS8p.B7oF7E3A7ZDXMbjH9z2biS', 'иҚҜжҲҝз®ЎзҗҶе‘ҳ', '/img/default_avatar.png', 'з”·', '13800009999', 'pharmacy_admin@demo.com', 'PHARMACY_MANAGER', 1, '2026-04-07 14:45:58', '2026-04-07 14:45:58');

-- ----------------------------
-- Table structure for supplier
-- ----------------------------
DROP TABLE IF EXISTS `supplier`;
CREATE TABLE `supplier`  (
  `id` bigint(20) NOT NULL AUTO_INCREMENT COMMENT 'дҫӣеә”е•ҶID',
  `supplier_code` varchar(50) CHARACTER SET utf8mb4 COLLATE utf8mb4_0900_ai_ci NULL DEFAULT NULL COMMENT 'дҫӣеә”е•Ҷзј–з Ғ',
  `name` varchar(100) CHARACTER SET utf8mb4 COLLATE utf8mb4_0900_ai_ci NOT NULL COMMENT 'дҫӣеә”е•ҶеҗҚз§°',
  `contact_name` varchar(50) CHARACTER SET utf8mb4 COLLATE utf8mb4_0900_ai_ci NULL DEFAULT NULL COMMENT 'иҒ”зі»дәә',
  `contact_phone` varchar(50) CHARACTER SET utf8mb4 COLLATE utf8mb4_0900_ai_ci NULL DEFAULT NULL COMMENT 'иҒ”зі»з”өиҜқ',
  `address` varchar(255) CHARACTER SET utf8mb4 COLLATE utf8mb4_0900_ai_ci NULL DEFAULT NULL COMMENT 'ең°еқҖ',
  `email` varchar(100) CHARACTER SET utf8mb4 COLLATE utf8mb4_0900_ai_ci NULL DEFAULT NULL COMMENT 'йӮ®з®ұ',
  `status` tinyint(4) NULL DEFAULT 1 COMMENT 'зҠ¶жҖҒ(0:еҒңз”Ё,1:еҗҜз”Ё)',
  `create_time` datetime NULL DEFAULT CURRENT_TIMESTAMP COMMENT 'еҲӣе»әж—¶й—ҙ',
  `update_time` datetime NULL DEFAULT CURRENT_TIMESTAMP ON UPDATE CURRENT_TIMESTAMP COMMENT 'жӣҙж–°ж—¶й—ҙ',
  PRIMARY KEY (`id`) USING BTREE,
  UNIQUE INDEX `uk_supplier_code`(`supplier_code` ASC) USING BTREE
) ENGINE = InnoDB AUTO_INCREMENT = 6 CHARACTER SET = utf8mb4 COLLATE = utf8mb4_0900_ai_ci COMMENT = 'дҫӣеә”е•ҶиЎЁ' ROW_FORMAT = DYNAMIC;

-- ----------------------------
-- Records of supplier
-- ----------------------------
INSERT INTO `supplier` VALUES (1, 'SUP-001', 'еҚҺдёңеҢ»иҚҜдҫӣеә”й“ҫжңүйҷҗе…¬еҸё', 'еј зЈҠ', '13800000001', 'дёҠжө·еёӮжөҰдёңж–°еҢәеј жұҹи·Ҝ88еҸ·', 'hd-med-scm@demo.com', 1, '2026-04-07 14:50:00', '2026-04-07 14:50:00');
INSERT INTO `supplier` VALUES (2, 'SUP-002', 'еӣҪиҚҜеҷЁжў°пјҲеҚҺеҢ—пјүй…ҚйҖҒдёӯеҝғ', 'жқҺеЁң', '13800000002', 'еҢ—дә¬еёӮеӨ§е…ҙеҢәеҢ»иҚҜеӣӯеҢә66еҸ·', 'gyqx-north@demo.com', 1, '2026-04-07 14:50:00', '2026-04-07 14:50:00');
INSERT INTO `supplier` VALUES (3, 'SUP-003', 'еә·жәҗз”ҹзү©еҲ¶иҚҜеҺҹж–ҷдҫӣеә”е•Ҷ', 'зҺӢејә', '13800000003', 'е№ҝе·һеёӮй»„еҹ”еҢәз§‘еӯҰеҹҺ12еҸ·', 'ky-bio@demo.com', 1, '2026-04-07 14:50:00', '2026-04-07 14:50:00');
INSERT INTO `supplier` VALUES (4, 'SUP-004', 'е®үжі°иҖ—жқҗдёҺиҜ•еүӮдҫӣеә”', 'иөөж•Ҹ', '13800000004', 'жҲҗйғҪеёӮй«ҳж–°еҢәеӨ©еәңеӨ§йҒ“199еҸ·', 'at-consumables@demo.com', 1, '2026-04-07 14:50:00', '2026-04-07 14:50:00');
INSERT INTO `supplier` VALUES (5, 'SUP-005', 'иҒ”еә·еҶ·й“ҫиҚҜе“Ғзү©жөҒ', 'йҷҲжқ°', '13800000005', 'жӯҰжұүеёӮдёңиҘҝж№–еҢәзү©жөҒеӨ§йҒ“9еҸ·', 'lk-coldchain@demo.com', 1, '2026-04-07 14:50:00', '2026-04-07 14:50:00');

-- medicine ж”№йҖ пјҡеҲ¶йҖ е•Ҷдҝқз•ҷе…је®№пјҢж–°еўһ supplier_id дҪңдёәйҮҮиҙӯдё»е…іиҒ”
ALTER TABLE `medicine` ADD COLUMN `supplier_id` bigint(20) NULL DEFAULT NULL COMMENT 'дҫӣеә”е•ҶID' AFTER `manufacturer`;
ALTER TABLE `medicine` ADD INDEX `idx_medicine_supplier_id`(`supplier_id` ASC);
-- еўһеҠ дҫӣеә”е•Ҷж•°жҚ®пјҡжҠҠиҚҜе“ҒеҲ¶йҖ е•ҶиЎҘе……дёәеҸҜйҖүдҫӣеә”е•ҶпјҲеҺ»йҮҚпјү
INSERT INTO `supplier` (`supplier_code`, `name`, `contact_name`, `contact_phone`, `address`, `email`, `status`, `create_time`, `update_time`)
SELECT
  CONCAT('SUP-AUTO-', LPAD(ROW_NUMBER() OVER (ORDER BY t.manufacturer), 3, '0')),
  t.manufacturer,
  'зі»з»ҹеҲқе§ӢеҢ–',
  '13800000000',
  'еҫ…з»ҙжҠӨ',
  NULL,
  1,
  '2026-04-07 15:00:00',
  '2026-04-07 15:00:00'
FROM (
  SELECT DISTINCT `manufacturer`
  FROM `medicine`
  WHERE `manufacturer` IS NOT NULL AND `manufacturer` <> ''
) t
LEFT JOIN `supplier` s ON s.`name` = t.`manufacturer`
WHERE s.`id` IS NULL;

-- еӣһеЎ«жүҖжңүиҚҜе“Ғдҫӣеә”е•ҶпјҢдёҚе…Ғи®ё NULL
UPDATE `medicine` m
JOIN `supplier` s ON s.`name` = m.`manufacturer`
SET m.`supplier_id` = s.`id`
WHERE m.`supplier_id` IS NULL;

-- е…ңеә•пјҡеҰӮжһңиҝҳжңүз©әеҖјпјҢз»ҹдёҖеҪ’еұһеҲ°дҫӣеә”е•ҶID=1
UPDATE `medicine` SET `supplier_id` = 1 WHERE `supplier_id` IS NULL;

-- ејәеҲ¶йқһз©ә + еӨ–й”®зәҰжқҹ
ALTER TABLE `medicine` MODIFY COLUMN `supplier_id` bigint(20) NOT NULL COMMENT 'дҫӣеә”е•ҶID';
ALTER TABLE `medicine` ADD CONSTRAINT `fk_medicine_supplier` FOREIGN KEY (`supplier_id`) REFERENCES `supplier` (`id`) ON DELETE RESTRICT ON UPDATE RESTRICT;

-- ----------------------------
-- Table structure for supplier_medicine
-- ----------------------------
DROP TABLE IF EXISTS `supplier_medicine`;
CREATE TABLE `supplier_medicine`  (
  `id` bigint(20) NOT NULL AUTO_INCREMENT COMMENT 'е…ізі»ID',
  `supplier_id` bigint(20) NOT NULL COMMENT 'дҫӣеә”е•ҶID',
  `medicine_id` bigint(20) NOT NULL COMMENT 'иҚҜе“ҒID',
  `create_time` datetime NULL DEFAULT CURRENT_TIMESTAMP COMMENT 'еҲӣе»әж—¶й—ҙ',
  PRIMARY KEY (`id`) USING BTREE,
  UNIQUE INDEX `uk_supplier_medicine`(`supplier_id` ASC, `medicine_id` ASC) USING BTREE,
  INDEX `idx_sm_supplier_id`(`supplier_id` ASC) USING BTREE,
  INDEX `idx_sm_medicine_id`(`medicine_id` ASC) USING BTREE,
  CONSTRAINT `fk_sm_supplier` FOREIGN KEY (`supplier_id`) REFERENCES `supplier` (`id`) ON DELETE CASCADE ON UPDATE RESTRICT,
  CONSTRAINT `fk_sm_medicine` FOREIGN KEY (`medicine_id`) REFERENCES `medicine` (`id`) ON DELETE CASCADE ON UPDATE RESTRICT
) ENGINE = InnoDB AUTO_INCREMENT = 16 CHARACTER SET = utf8mb4 COLLATE = utf8mb4_0900_ai_ci COMMENT = 'дҫӣеә”е•ҶдёҺиҚҜе“ҒеҜ№еә”е…ізі»иЎЁ' ROW_FORMAT = DYNAMIC;

-- ----------------------------
-- Records of supplier_medicine
-- ----------------------------
-- е…ій”®йҷҗеҲ¶пјҡM001(йҳҝеҸёеҢ№жһ—, medicine_id=1) д»…з”ұеӣҪиҚҜ(дҫӣеә”е•Ҷid=2)дҫӣеә”
INSERT INTO `supplier_medicine` VALUES (1, 2, 1, '2026-04-08 10:00:00');
INSERT INTO `supplier_medicine` VALUES (2, 2, 2, '2026-04-08 10:00:00');
INSERT INTO `supplier_medicine` VALUES (3, 2, 3, '2026-04-08 10:00:00');
INSERT INTO `supplier_medicine` VALUES (4, 1, 4, '2026-04-08 10:00:00');
INSERT INTO `supplier_medicine` VALUES (5, 1, 5, '2026-04-08 10:00:00');
INSERT INTO `supplier_medicine` VALUES (6, 1, 6, '2026-04-08 10:00:00');
INSERT INTO `supplier_medicine` VALUES (7, 3, 7, '2026-04-08 10:00:00');
INSERT INTO `supplier_medicine` VALUES (8, 3, 8, '2026-04-08 10:00:00');
INSERT INTO `supplier_medicine` VALUES (9, 3, 9, '2026-04-08 10:00:00');
INSERT INTO `supplier_medicine` VALUES (10, 4, 10, '2026-04-08 10:00:00');
INSERT INTO `supplier_medicine` VALUES (11, 4, 11, '2026-04-08 10:00:00');
INSERT INTO `supplier_medicine` VALUES (12, 4, 12, '2026-04-08 10:00:00');
INSERT INTO `supplier_medicine` VALUES (13, 5, 13, '2026-04-08 10:00:00');
INSERT INTO `supplier_medicine` VALUES (14, 5, 14, '2026-04-08 10:00:00');
INSERT INTO `supplier_medicine` VALUES (15, 5, 15, '2026-04-08 10:00:00');

-- ----------------------------
-- Table structure for purchase_plan
-- ----------------------------
DROP TABLE IF EXISTS `purchase_plan`;
CREATE TABLE `purchase_plan`  (
  `id` bigint(20) NOT NULL AUTO_INCREMENT COMMENT 'йҮҮиҙӯи®ЎеҲ’ID',
  `plan_no` varchar(50) CHARACTER SET utf8mb4 COLLATE utf8mb4_0900_ai_ci NOT NULL COMMENT 'и®ЎеҲ’зј–еҸ·',
  `title` varchar(200) CHARACTER SET utf8mb4 COLLATE utf8mb4_0900_ai_ci NULL DEFAULT NULL COMMENT 'и®ЎеҲ’дё»йўҳ',
  `creator_user_id` bigint(20) NULL DEFAULT NULL COMMENT 'еҲӣе»әдәәз”ЁжҲ·ID',
  `status` tinyint(4) NULL DEFAULT 0 COMMENT 'зҠ¶жҖҒ(0:иҚүзЁҝ,1:е·ІжҸҗдәӨ,2:е·Іе®Ңз»“)',
  `remark` varchar(500) CHARACTER SET utf8mb4 COLLATE utf8mb4_0900_ai_ci NULL DEFAULT NULL COMMENT 'еӨҮжіЁ',
  `create_time` datetime NULL DEFAULT CURRENT_TIMESTAMP COMMENT 'еҲӣе»әж—¶й—ҙ',
  `update_time` datetime NULL DEFAULT CURRENT_TIMESTAMP ON UPDATE CURRENT_TIMESTAMP COMMENT 'жӣҙж–°ж—¶й—ҙ',
  PRIMARY KEY (`id`) USING BTREE,
  UNIQUE INDEX `uk_plan_no`(`plan_no` ASC) USING BTREE
) ENGINE = InnoDB AUTO_INCREMENT = 1 CHARACTER SET = utf8mb4 COLLATE = utf8mb4_0900_ai_ci COMMENT = 'йҮҮиҙӯи®ЎеҲ’дё»иЎЁ' ROW_FORMAT = DYNAMIC;

-- ----------------------------
-- Table structure for purchase_plan_item
-- ----------------------------
DROP TABLE IF EXISTS `purchase_plan_item`;
CREATE TABLE `purchase_plan_item`  (
  `id` bigint(20) NOT NULL AUTO_INCREMENT COMMENT 'и®ЎеҲ’жҳҺз»ҶID',
  `plan_id` bigint(20) NOT NULL COMMENT 'йҮҮиҙӯи®ЎеҲ’ID',
  `medicine_id` bigint(20) NOT NULL COMMENT 'иҚҜе“ҒID',
  `plan_qty` int(11) NOT NULL COMMENT 'и®ЎеҲ’ж•°йҮҸ',
  `purchased_qty` int(11) NULL DEFAULT 0 COMMENT 'е·ІдёӢеҚ•ж•°йҮҸ(зҙҜи®Ў)',
  `remark` varchar(500) CHARACTER SET utf8mb4 COLLATE utf8mb4_0900_ai_ci NULL DEFAULT NULL COMMENT 'еӨҮжіЁ',
  `create_time` datetime NULL DEFAULT CURRENT_TIMESTAMP COMMENT 'еҲӣе»әж—¶й—ҙ',
  `update_time` datetime NULL DEFAULT CURRENT_TIMESTAMP ON UPDATE CURRENT_TIMESTAMP COMMENT 'жӣҙж–°ж—¶й—ҙ',
  PRIMARY KEY (`id`) USING BTREE,
  INDEX `idx_plan_id`(`plan_id` ASC) USING BTREE,
  INDEX `idx_ppi_medicine_id`(`medicine_id` ASC) USING BTREE,
  CONSTRAINT `fk_ppi_plan` FOREIGN KEY (`plan_id`) REFERENCES `purchase_plan` (`id`) ON DELETE CASCADE ON UPDATE RESTRICT,
  CONSTRAINT `fk_ppi_medicine` FOREIGN KEY (`medicine_id`) REFERENCES `medicine` (`id`) ON DELETE RESTRICT ON UPDATE RESTRICT
) ENGINE = InnoDB AUTO_INCREMENT = 1 CHARACTER SET = utf8mb4 COLLATE = utf8mb4_0900_ai_ci COMMENT = 'йҮҮиҙӯи®ЎеҲ’жҳҺз»ҶиЎЁ' ROW_FORMAT = DYNAMIC;

-- ----------------------------
-- Table structure for purchase_order
-- ----------------------------
DROP TABLE IF EXISTS `purchase_order`;
CREATE TABLE `purchase_order`  (
  `id` bigint(20) NOT NULL AUTO_INCREMENT COMMENT 'йҮҮиҙӯеҚ•ID',
  `order_no` varchar(50) CHARACTER SET utf8mb4 COLLATE utf8mb4_0900_ai_ci NOT NULL COMMENT 'йҮҮиҙӯеҚ•еҸ·',
  `plan_id` bigint(20) NOT NULL COMMENT 'жқҘжәҗйҮҮиҙӯи®ЎеҲ’ID',
  `supplier_id` bigint(20) NOT NULL COMMENT 'дҫӣеә”е•ҶID',
  `creator_user_id` bigint(20) NULL DEFAULT NULL COMMENT 'еҲӣе»әдәәз”ЁжҲ·ID',
  `status` tinyint(4) NULL DEFAULT 0 COMMENT 'зҠ¶жҖҒ(0:иҚүзЁҝ,1:е·ІеҸ‘йҖҒ,2:е·ІйӘҢж”¶е®ҢжҲҗ)',
  `total_amount` decimal(12, 2) NULL DEFAULT 0.00 COMMENT 'жҖ»йҮ‘йўқ',
  `remark` varchar(500) CHARACTER SET utf8mb4 COLLATE utf8mb4_0900_ai_ci NULL DEFAULT NULL COMMENT 'еӨҮжіЁ',
  `create_time` datetime NULL DEFAULT CURRENT_TIMESTAMP COMMENT 'еҲӣе»әж—¶й—ҙ',
  `update_time` datetime NULL DEFAULT CURRENT_TIMESTAMP ON UPDATE CURRENT_TIMESTAMP COMMENT 'жӣҙж–°ж—¶й—ҙ',
  PRIMARY KEY (`id`) USING BTREE,
  UNIQUE INDEX `uk_order_no`(`order_no` ASC) USING BTREE,
  INDEX `idx_po_plan_id`(`plan_id` ASC) USING BTREE,
  INDEX `idx_po_supplier_id`(`supplier_id` ASC) USING BTREE,
  CONSTRAINT `fk_po_plan` FOREIGN KEY (`plan_id`) REFERENCES `purchase_plan` (`id`) ON DELETE RESTRICT ON UPDATE RESTRICT,
  CONSTRAINT `fk_po_supplier` FOREIGN KEY (`supplier_id`) REFERENCES `supplier` (`id`) ON DELETE RESTRICT ON UPDATE RESTRICT
) ENGINE = InnoDB AUTO_INCREMENT = 1 CHARACTER SET = utf8mb4 COLLATE = utf8mb4_0900_ai_ci COMMENT = 'йҮҮиҙӯеҚ•дё»иЎЁ' ROW_FORMAT = DYNAMIC;

-- ----------------------------
-- Table structure for purchase_order_item
-- ----------------------------
DROP TABLE IF EXISTS `purchase_order_item`;
CREATE TABLE `purchase_order_item`  (
  `id` bigint(20) NOT NULL AUTO_INCREMENT COMMENT 'йҮҮиҙӯеҚ•жҳҺз»ҶID',
  `order_id` bigint(20) NOT NULL COMMENT 'йҮҮиҙӯеҚ•ID',
  `plan_item_id` bigint(20) NOT NULL COMMENT 'жқҘжәҗи®ЎеҲ’жҳҺз»ҶID',
  `medicine_id` bigint(20) NOT NULL COMMENT 'иҚҜе“ҒID',
  `order_qty` int(11) NOT NULL COMMENT 'дёӢеҚ•ж•°йҮҸ',
  `unit_price` decimal(12, 2) NULL DEFAULT 0.00 COMMENT 'еҚ•д»·',
  `amount` decimal(12, 2) NULL DEFAULT 0.00 COMMENT 'йҮ‘йўқ',
  `remark` varchar(500) CHARACTER SET utf8mb4 COLLATE utf8mb4_0900_ai_ci NULL DEFAULT NULL COMMENT 'еӨҮжіЁ',
  `create_time` datetime NULL DEFAULT CURRENT_TIMESTAMP COMMENT 'еҲӣе»әж—¶й—ҙ',
  `update_time` datetime NULL DEFAULT CURRENT_TIMESTAMP ON UPDATE CURRENT_TIMESTAMP COMMENT 'жӣҙж–°ж—¶й—ҙ',
  PRIMARY KEY (`id`) USING BTREE,
  INDEX `idx_poi_order_id`(`order_id` ASC) USING BTREE,
  INDEX `idx_poi_plan_item_id`(`plan_item_id` ASC) USING BTREE,
  INDEX `idx_poi_medicine_id`(`medicine_id` ASC) USING BTREE,
  CONSTRAINT `fk_poi_order` FOREIGN KEY (`order_id`) REFERENCES `purchase_order` (`id`) ON DELETE CASCADE ON UPDATE RESTRICT,
  CONSTRAINT `fk_poi_plan_item` FOREIGN KEY (`plan_item_id`) REFERENCES `purchase_plan_item` (`id`) ON DELETE RESTRICT ON UPDATE RESTRICT,
  CONSTRAINT `fk_poi_medicine` FOREIGN KEY (`medicine_id`) REFERENCES `medicine` (`id`) ON DELETE RESTRICT ON UPDATE RESTRICT
) ENGINE = InnoDB AUTO_INCREMENT = 1 CHARACTER SET = utf8mb4 COLLATE = utf8mb4_0900_ai_ci COMMENT = 'йҮҮиҙӯеҚ•жҳҺз»ҶиЎЁ' ROW_FORMAT = DYNAMIC;

-- ----------------------------
-- Table structure for purchase_acceptance
-- ----------------------------
DROP TABLE IF EXISTS `purchase_acceptance`;
CREATE TABLE `purchase_acceptance`  (
  `id` bigint(20) NOT NULL AUTO_INCREMENT COMMENT 'йӘҢж”¶еҚ•ID',
  `acceptance_no` varchar(50) CHARACTER SET utf8mb4 COLLATE utf8mb4_0900_ai_ci NOT NULL COMMENT 'йӘҢж”¶еҚ•еҸ·',
  `purchase_order_id` bigint(20) NOT NULL COMMENT 'жқҘжәҗйҮҮиҙӯеҚ•ID',
  `inspector_user_id` bigint(20) NULL DEFAULT NULL COMMENT 'йӘҢж”¶дәәз”ЁжҲ·ID',
  `acceptance_time` datetime NULL DEFAULT NULL COMMENT 'йӘҢж”¶ж—¶й—ҙ',
  `status` tinyint(4) NULL DEFAULT 0 COMMENT 'зҠ¶жҖҒ(0:иҚүзЁҝ,1:е·Іе®ҢжҲҗ)',
  `remark` varchar(500) CHARACTER SET utf8mb4 COLLATE utf8mb4_0900_ai_ci NULL DEFAULT NULL COMMENT 'еӨҮжіЁ',
  `create_time` datetime NULL DEFAULT CURRENT_TIMESTAMP COMMENT 'еҲӣе»әж—¶й—ҙ',
  `update_time` datetime NULL DEFAULT CURRENT_TIMESTAMP ON UPDATE CURRENT_TIMESTAMP COMMENT 'жӣҙж–°ж—¶й—ҙ',
  PRIMARY KEY (`id`) USING BTREE,
  UNIQUE INDEX `uk_acceptance_no`(`acceptance_no` ASC) USING BTREE,
  INDEX `idx_pa_order_id`(`purchase_order_id` ASC) USING BTREE,
  CONSTRAINT `fk_pa_order` FOREIGN KEY (`purchase_order_id`) REFERENCES `purchase_order` (`id`) ON DELETE RESTRICT ON UPDATE RESTRICT
) ENGINE = InnoDB AUTO_INCREMENT = 1 CHARACTER SET = utf8mb4 COLLATE = utf8mb4_0900_ai_ci COMMENT = 'йҮҮиҙӯйӘҢж”¶еҚ•дё»иЎЁ' ROW_FORMAT = DYNAMIC;

-- ----------------------------
-- Table structure for purchase_acceptance_item
-- ----------------------------
DROP TABLE IF EXISTS `purchase_acceptance_item`;
CREATE TABLE `purchase_acceptance_item`  (
  `id` bigint(20) NOT NULL AUTO_INCREMENT COMMENT 'йӘҢж”¶жҳҺз»ҶID',
  `acceptance_id` bigint(20) NOT NULL COMMENT 'йӘҢж”¶еҚ•ID',
  `purchase_order_item_id` bigint(20) NOT NULL COMMENT 'жқҘжәҗйҮҮиҙӯеҚ•жҳҺз»ҶID',
  `medicine_id` bigint(20) NOT NULL COMMENT 'иҚҜе“ҒID',
  `ordered_qty` int(11) NOT NULL COMMENT 'дёӢеҚ•ж•°йҮҸ',
  `received_qty` int(11) NOT NULL COMMENT 'еҲ°иҙ§ж•°йҮҸ',
  `qualified_qty` int(11) NOT NULL COMMENT 'еҗҲж јж•°йҮҸ',
  `batch_no` varchar(100) CHARACTER SET utf8mb4 COLLATE utf8mb4_0900_ai_ci NULL DEFAULT NULL COMMENT 'жү№еҸ·',
  `production_date` date NULL DEFAULT NULL COMMENT 'з”ҹдә§ж—Ҙжңҹ',
  `expiry_date` date NULL DEFAULT NULL COMMENT 'жңүж•Ҳжңҹ',
  `remark` varchar(500) CHARACTER SET utf8mb4 COLLATE utf8mb4_0900_ai_ci NULL DEFAULT NULL COMMENT 'еӨҮжіЁ',
  `create_time` datetime NULL DEFAULT CURRENT_TIMESTAMP COMMENT 'еҲӣе»әж—¶й—ҙ',
  `update_time` datetime NULL DEFAULT CURRENT_TIMESTAMP ON UPDATE CURRENT_TIMESTAMP COMMENT 'жӣҙж–°ж—¶й—ҙ',
  PRIMARY KEY (`id`) USING BTREE,
  INDEX `idx_pai_acceptance_id`(`acceptance_id` ASC) USING BTREE,
  INDEX `idx_pai_order_item_id`(`purchase_order_item_id` ASC) USING BTREE,
  INDEX `idx_pai_medicine_id`(`medicine_id` ASC) USING BTREE,
  CONSTRAINT `fk_pai_acceptance` FOREIGN KEY (`acceptance_id`) REFERENCES `purchase_acceptance` (`id`) ON DELETE CASCADE ON UPDATE RESTRICT,
  CONSTRAINT `fk_pai_order_item` FOREIGN KEY (`purchase_order_item_id`) REFERENCES `purchase_order_item` (`id`) ON DELETE RESTRICT ON UPDATE RESTRICT,
  CONSTRAINT `fk_pai_medicine` FOREIGN KEY (`medicine_id`) REFERENCES `medicine` (`id`) ON DELETE RESTRICT ON UPDATE RESTRICT
) ENGINE = InnoDB AUTO_INCREMENT = 1 CHARACTER SET = utf8mb4 COLLATE = utf8mb4_0900_ai_ci COMMENT = 'йҮҮиҙӯйӘҢж”¶еҚ•жҳҺз»ҶиЎЁ' ROW_FORMAT = DYNAMIC;

-- ----------------------------
-- Table structure for stock_in_order
-- ----------------------------
DROP TABLE IF EXISTS `stock_in_order`;
CREATE TABLE `stock_in_order`  (
  `id` bigint(20) NOT NULL AUTO_INCREMENT COMMENT 'е…Ҙеә“еҚ•ID',
  `stock_in_no` varchar(50) CHARACTER SET utf8mb4 COLLATE utf8mb4_0900_ai_ci NOT NULL COMMENT 'е…Ҙеә“еҚ•еҸ·',
  `acceptance_id` bigint(20) NOT NULL COMMENT 'жқҘжәҗйӘҢж”¶еҚ•ID',
  `operator_user_id` bigint(20) NULL DEFAULT NULL COMMENT 'е…Ҙеә“ж“ҚдҪңдәәз”ЁжҲ·ID',
  `stock_in_time` datetime NULL DEFAULT NULL COMMENT 'е…Ҙеә“ж—¶й—ҙ',
  `status` tinyint(4) NULL DEFAULT 0 COMMENT 'зҠ¶жҖҒ(0:иҚүзЁҝ,1:е·ІиҝҮиҙҰ)',
  `remark` varchar(500) CHARACTER SET utf8mb4 COLLATE utf8mb4_0900_ai_ci NULL DEFAULT NULL COMMENT 'еӨҮжіЁ',
  `create_time` datetime NULL DEFAULT CURRENT_TIMESTAMP COMMENT 'еҲӣе»әж—¶й—ҙ',
  `update_time` datetime NULL DEFAULT CURRENT_TIMESTAMP ON UPDATE CURRENT_TIMESTAMP COMMENT 'жӣҙж–°ж—¶й—ҙ',
  PRIMARY KEY (`id`) USING BTREE,
  UNIQUE INDEX `uk_stock_in_no`(`stock_in_no` ASC) USING BTREE,
  INDEX `idx_sio_acceptance_id`(`acceptance_id` ASC) USING BTREE,
  CONSTRAINT `fk_sio_acceptance` FOREIGN KEY (`acceptance_id`) REFERENCES `purchase_acceptance` (`id`) ON DELETE RESTRICT ON UPDATE RESTRICT
) ENGINE = InnoDB AUTO_INCREMENT = 1 CHARACTER SET = utf8mb4 COLLATE = utf8mb4_0900_ai_ci COMMENT = 'е…Ҙеә“еҚ•дё»иЎЁ' ROW_FORMAT = DYNAMIC;

-- ----------------------------
-- Table structure for stock_in_order_item
-- ----------------------------
DROP TABLE IF EXISTS `stock_in_order_item`;
CREATE TABLE `stock_in_order_item`  (
  `id` bigint(20) NOT NULL AUTO_INCREMENT COMMENT 'е…Ҙеә“жҳҺз»ҶID',
  `stock_in_id` bigint(20) NOT NULL COMMENT 'е…Ҙеә“еҚ•ID',
  `acceptance_item_id` bigint(20) NOT NULL COMMENT 'жқҘжәҗйӘҢж”¶жҳҺз»ҶID',
  `medicine_id` bigint(20) NOT NULL COMMENT 'иҚҜе“ҒID',
  `stock_in_qty` int(11) NOT NULL COMMENT 'е…Ҙеә“ж•°йҮҸ',
  `unit_cost` decimal(12, 2) NULL DEFAULT 0.00 COMMENT 'еҚ•дҪҚжҲҗжң¬',
  `amount` decimal(12, 2) NULL DEFAULT 0.00 COMMENT 'йҮ‘йўқ',
  `remark` varchar(500) CHARACTER SET utf8mb4 COLLATE utf8mb4_0900_ai_ci NULL DEFAULT NULL COMMENT 'еӨҮжіЁ',
  `create_time` datetime NULL DEFAULT CURRENT_TIMESTAMP COMMENT 'еҲӣе»әж—¶й—ҙ',
  `update_time` datetime NULL DEFAULT CURRENT_TIMESTAMP ON UPDATE CURRENT_TIMESTAMP COMMENT 'жӣҙж–°ж—¶й—ҙ',
  PRIMARY KEY (`id`) USING BTREE,
  INDEX `idx_sioi_stock_in_id`(`stock_in_id` ASC) USING BTREE,
  INDEX `idx_sioi_acceptance_item_id`(`acceptance_item_id` ASC) USING BTREE,
  INDEX `idx_sioi_medicine_id`(`medicine_id` ASC) USING BTREE,
  CONSTRAINT `fk_sioi_stock_in` FOREIGN KEY (`stock_in_id`) REFERENCES `stock_in_order` (`id`) ON DELETE CASCADE ON UPDATE RESTRICT,
  CONSTRAINT `fk_sioi_acceptance_item` FOREIGN KEY (`acceptance_item_id`) REFERENCES `purchase_acceptance_item` (`id`) ON DELETE RESTRICT ON UPDATE RESTRICT,
  CONSTRAINT `fk_sioi_medicine` FOREIGN KEY (`medicine_id`) REFERENCES `medicine` (`id`) ON DELETE RESTRICT ON UPDATE RESTRICT
) ENGINE = InnoDB AUTO_INCREMENT = 1 CHARACTER SET = utf8mb4 COLLATE = utf8mb4_0900_ai_ci COMMENT = 'е…Ҙеә“еҚ•жҳҺз»ҶиЎЁ' ROW_FORMAT = DYNAMIC;

-- ----------------------------
-- Table structure for outpatient_charge_order
-- ----------------------------
DROP TABLE IF EXISTS `outpatient_charge_order`;
CREATE TABLE `outpatient_charge_order` (
  `id` bigint(20) NOT NULL AUTO_INCREMENT COMMENT 'зјҙиҙ№еҚ•ID',
  `order_no` varchar(50) NOT NULL COMMENT 'зјҙиҙ№еҚ•еҸ·',
  `patient_id` bigint(20) NOT NULL COMMENT 'жӮЈиҖ…ID',
  `total_amount` decimal(12,2) NOT NULL DEFAULT 0.00 COMMENT 'жҖ»йҮ‘йўқ',
  `status` tinyint(4) NOT NULL DEFAULT 0 COMMENT 'зҠ¶жҖҒ(0:еҫ…ж”Ҝд»ҳ,1:е·Іж”Ҝд»ҳ)',
  `cashier_user_id` bigint(20) DEFAULT NULL COMMENT 'ж”¶иҙ№е‘ҳз”ЁжҲ·ID',
  `charge_time` datetime DEFAULT NULL COMMENT 'зјҙиҙ№ж—¶й—ҙ',
  `remark` varchar(500) DEFAULT NULL COMMENT 'еӨҮжіЁ',
  `create_time` datetime DEFAULT CURRENT_TIMESTAMP COMMENT 'еҲӣе»әж—¶й—ҙ',
  `update_time` datetime DEFAULT CURRENT_TIMESTAMP ON UPDATE CURRENT_TIMESTAMP COMMENT 'жӣҙж–°ж—¶й—ҙ',
  PRIMARY KEY (`id`) USING BTREE,
  UNIQUE KEY `uk_outpatient_charge_order_no` (`order_no`) USING BTREE,
  KEY `idx_outpatient_charge_order_patient_id` (`patient_id`) USING BTREE
) ENGINE=InnoDB DEFAULT CHARSET=utf8mb4 COLLATE=utf8mb4_0900_ai_ci COMMENT='й—ЁиҜҠзјҙиҙ№еҚ•';

-- ----------------------------
-- Table structure for outpatient_charge_detail
-- ----------------------------
DROP TABLE IF EXISTS `outpatient_charge_detail`;
CREATE TABLE `outpatient_charge_detail` (
  `id` bigint(20) NOT NULL AUTO_INCREMENT COMMENT 'зјҙиҙ№жҳҺз»ҶID',
  `prescription_id` bigint(20) NOT NULL COMMENT 'еӨ„ж–№ID',
  `prescription_detail_id` bigint(20) NOT NULL COMMENT 'еӨ„ж–№жҳҺз»ҶID',
  `patient_id` bigint(20) NOT NULL COMMENT 'жӮЈиҖ…ID',
  `medicine_id` bigint(20) NOT NULL COMMENT 'иҚҜе“ҒID',
  `quantity` int(11) NOT NULL DEFAULT 0 COMMENT 'ж•°йҮҸ',
  `unit_price` decimal(12,2) NOT NULL DEFAULT 0.00 COMMENT 'еҚ•д»·',
  `amount` decimal(12,2) NOT NULL DEFAULT 0.00 COMMENT 'йҮ‘йўқ',
  `status` tinyint(4) NOT NULL DEFAULT 0 COMMENT 'зҠ¶жҖҒ(0:жңӘз”ҹжҲҗеҚ•жҚ®,1:е·Із”ҹжҲҗеҚ•жҚ®)',
  `charge_order_id` bigint(20) DEFAULT NULL COMMENT 'зјҙиҙ№еҚ•ID',
  `create_time` datetime DEFAULT CURRENT_TIMESTAMP COMMENT 'еҲӣе»әж—¶й—ҙ',
  `update_time` datetime DEFAULT CURRENT_TIMESTAMP ON UPDATE CURRENT_TIMESTAMP COMMENT 'жӣҙж–°ж—¶й—ҙ',
  PRIMARY KEY (`id`) USING BTREE,
  UNIQUE KEY `uk_outpatient_charge_prescription_detail` (`prescription_detail_id`) USING BTREE,
  KEY `idx_outpatient_charge_patient_id` (`patient_id`) USING BTREE,
  KEY `idx_outpatient_charge_order_id` (`charge_order_id`) USING BTREE
) ENGINE=InnoDB DEFAULT CHARSET=utf8mb4 COLLATE=utf8mb4_0900_ai_ci COMMENT='й—ЁиҜҠзјҙиҙ№жҳҺз»Ҷ';

-- ----------------------------
-- Table structure for purchase_settlement_order
-- ----------------------------
DROP TABLE IF EXISTS `purchase_settlement_order`;
CREATE TABLE `purchase_settlement_order` (
  `id` bigint(20) NOT NULL AUTO_INCREMENT COMMENT 'з»“з®—еҚ•ID',
  `settlement_no` varchar(50) NOT NULL COMMENT 'з»“з®—еҚ•еҸ·',
  `supplier_id` bigint(20) NOT NULL COMMENT 'дҫӣеә”е•ҶID',
  `total_amount` decimal(12,2) NOT NULL DEFAULT 0.00 COMMENT 'жҖ»йҮ‘йўқ',
  `status` tinyint(4) NOT NULL DEFAULT 0 COMMENT 'зҠ¶жҖҒ(0:еҫ…з»“з®—,1:е·Із»“з®—)',
  `cashier_user_id` bigint(20) DEFAULT NULL COMMENT 'ж”¶иҙ№е‘ҳз”ЁжҲ·ID',
  `settlement_time` datetime DEFAULT NULL COMMENT 'з»“з®—ж—¶й—ҙ',
  `remark` varchar(500) DEFAULT NULL COMMENT 'еӨҮжіЁ',
  `create_time` datetime DEFAULT CURRENT_TIMESTAMP COMMENT 'еҲӣе»әж—¶й—ҙ',
  `update_time` datetime DEFAULT CURRENT_TIMESTAMP ON UPDATE CURRENT_TIMESTAMP COMMENT 'жӣҙж–°ж—¶й—ҙ',
  PRIMARY KEY (`id`) USING BTREE,
  UNIQUE KEY `uk_purchase_settlement_no` (`settlement_no`) USING BTREE,
  KEY `idx_purchase_settlement_supplier_id` (`supplier_id`) USING BTREE
) ENGINE=InnoDB DEFAULT CHARSET=utf8mb4 COLLATE=utf8mb4_0900_ai_ci COMMENT='йҮҮиҙӯз»“з®—еҚ•';

-- ----------------------------
-- Table structure for purchase_settlement_detail
-- ----------------------------
DROP TABLE IF EXISTS `purchase_settlement_detail`;
CREATE TABLE `purchase_settlement_detail` (
  `id` bigint(20) NOT NULL AUTO_INCREMENT COMMENT 'з»“з®—жҳҺз»ҶID',
  `stock_in_id` bigint(20) NOT NULL COMMENT 'е…Ҙеә“еҚ•ID',
  `stock_in_item_id` bigint(20) NOT NULL COMMENT 'е…Ҙеә“жҳҺз»ҶID',
  `supplier_id` bigint(20) NOT NULL COMMENT 'дҫӣеә”е•ҶID',
  `medicine_id` bigint(20) NOT NULL COMMENT 'иҚҜе“ҒID',
  `quantity` int(11) NOT NULL DEFAULT 0 COMMENT 'ж•°йҮҸ',
  `unit_cost` decimal(12,2) NOT NULL DEFAULT 0.00 COMMENT 'еҚ•д»·',
  `amount` decimal(12,2) NOT NULL DEFAULT 0.00 COMMENT 'йҮ‘йўқ',
  `status` tinyint(4) NOT NULL DEFAULT 0 COMMENT 'зҠ¶жҖҒ(0:жңӘз”ҹжҲҗеҚ•жҚ®,1:е·Із”ҹжҲҗеҚ•жҚ®)',
  `settlement_order_id` bigint(20) DEFAULT NULL COMMENT 'з»“з®—еҚ•ID',
  `create_time` datetime DEFAULT CURRENT_TIMESTAMP COMMENT 'еҲӣе»әж—¶й—ҙ',
  `update_time` datetime DEFAULT CURRENT_TIMESTAMP ON UPDATE CURRENT_TIMESTAMP COMMENT 'жӣҙж–°ж—¶й—ҙ',
  PRIMARY KEY (`id`) USING BTREE,
  UNIQUE KEY `uk_purchase_settlement_stock_in_item` (`stock_in_item_id`) USING BTREE,
  KEY `idx_purchase_settlement_supplier_id` (`supplier_id`) USING BTREE,
  KEY `idx_purchase_settlement_order_id` (`settlement_order_id`) USING BTREE
) ENGINE=InnoDB DEFAULT CHARSET=utf8mb4 COLLATE=utf8mb4_0900_ai_ci COMMENT='йҮҮиҙӯз»“з®—жҳҺз»Ҷ';

-- ж·»еҠ ж”¶иҙ№е‘ҳзӨәдҫӢиҙҰжҲ·
INSERT INTO `user` VALUES (59, 'cashier1', '$2a$10$krj3WlCs/S0WGfv3E8Q2meqfC0sS8p.B7oF7E3A7ZDXMbjH9z2biS', 'ж”¶иҙ№е‘ҳ', '/img/default_avatar.png', 'еҘі', '13800008888', 'cashier1@demo.com', 'CASHIER', 1, '2026-04-08 12:00:00', '2026-04-08 12:00:00');

SET FOREIGN_KEY_CHECKS = 1;
